Date,Inflation Rate (%),GDP Growth (%),Interest Rate (%)
01-01-2023,6.1,0.72,2.15
02-01-2023,1.55,-0.97,3.71
03-01-2023,9.82,-0.45,1.64
04-01-2023,4.06,4.11,1.52
05-01-2023,5.2,3.36,1.99
06-01-2023,9.36,2.78,4.97
07-01-2023,6.77,2.7,1.81
08-01-2023,8.72,-1.82,3.55
09-01-2023,6.95,2.81,4.69
10-01-2023,5.01,4.54,2.74
11-01-2023,7.11,1.66,2.8
12-01-2023,4.2,3.24,4.37
13-01-2023,4.46,-1.05,4.82
14-01-2023,2.08,2.41,1.42
15-01-2023,6.9,-0.83,2.5
16-01-2023,4.22,2.35,4.79
17-01-2023,2.69,-0.75,4.18
18-01-2023,1.13,-1.31,2.1
19-01-2023,4.44,-0.68,2.3
20-01-2023,5.23,1.55,0.53
21-01-2023,6.09,4.14,2.47
22-01-2023,9.58,1.95,4.43
23-01-2023,6.18,4.6,4.78
24-01-2023,8.1,-1.39,3.35
25-01-2023,7.15,4.74,0.73
26-01-2023,5.05,-0.27,2.5
27-01-2023,4.53,-1.54,4.9
28-01-2023,3.01,3.47,1.31
29-01-2023,3.79,0,3.55
30-01-2023,9.62,1.87,3.57
31-01-2023,1.62,1.73,0.56
01-02-2023,9.3,-1.12,2.6
02-02-2023,1.71,4.71,2.41
03-02-2023,2.54,2.47,2.27
04-02-2023,8.09,-1.33,1.99
05-02-2023,8.76,0.79,3.34
06-02-2023,4.27,-1.74,2.76
07-02-2023,6.23,0.44,2.48
08-02-2023,4.38,-1,3.28
09-02-2023,5.8,2.86,3.44
10-02-2023,6.57,2.45,1.26
11-02-2023,2.75,-0.61,1.75
12-02-2023,8.25,1.06,1.11
13-02-2023,5.88,2.26,2.57
14-02-2023,7.51,0.37,3.89
15-02-2023,1.7,3.49,3.65
16-02-2023,6.28,-0.54,2.51
17-02-2023,9.47,4.23,1.47
18-02-2023,9.19,-1.06,0.96
19-02-2023,9.61,3,0.89
20-02-2023,6.42,-0.59,0.79
21-02-2023,2.4,1.6,4.76
22-02-2023,7.08,3.39,2.41
23-02-2023,3.51,0.36,1.72
24-02-2023,7.85,-0.44,1.06
25-02-2023,5.55,4.67,1.01
26-02-2023,4.64,-0.11,3.86
27-02-2023,3.89,-1.81,4.95
28-02-2023,1.3,-0.54,3.14
01-03-2023,1.98,4.69,1.14
02-03-2023,4.16,0.4,5
03-03-2023,7.84,2.16,1.66
04-03-2023,7.91,2.64,2.14
05-03-2023,2.22,3.2,4.66
06-03-2023,9.96,1.87,1.14
07-03-2023,5.9,1.01,0.5
08-03-2023,9.4,0.57,2.71
09-03-2023,7.32,-1.18,2.9
10-03-2023,6.65,-1.48,0.7
11-03-2023,8.4,-0.5,3.02
12-03-2023,3.65,1.48,4.97
13-03-2023,3.6,-0.57,0.93
14-03-2023,2.42,1.17,1.71
15-03-2023,4.87,2.8,1.57
16-03-2023,5.81,0.81,0.87
17-03-2023,6.46,2.99,1.15
18-03-2023,1.16,-1.68,2.29
19-03-2023,3.3,4.74,1.83
20-03-2023,9.74,0.21,2.52
21-03-2023,5.18,0.92,4.92
22-03-2023,8.52,-1.19,0.73
23-03-2023,4.59,1.91,0.63
24-03-2023,9.66,3.39,3.02
25-03-2023,5.4,3.72,3.36
26-03-2023,8.27,1.95,4.89
27-03-2023,7.49,-1.53,2.76
28-03-2023,2.13,4.63,4.14
29-03-2023,2.82,-1.47,4.59
30-03-2023,4.01,1.23,3.06
31-03-2023,9.65,-1.93,0.95
01-04-2023,3.58,3.09,1.34
02-04-2023,4.29,4.36,2.61
03-04-2023,9.77,3.58,2.84
04-04-2023,9.24,1.44,2
05-04-2023,4.38,2.22,0.91
06-04-2023,8.98,0.98,4.57
07-04-2023,3.28,4.59,2.02
08-04-2023,3.35,2.22,4.09
09-04-2023,9.19,2.08,3.97
10-04-2023,2.55,1.99,0.52
11-04-2023,7.69,0.91,3.68
12-04-2023,5.29,-0.77,1.11
13-04-2023,4.89,-1.28,1.23
14-04-2023,6.76,2.78,0.84
15-04-2023,8.28,3.35,4.03
16-04-2023,5.83,4.69,1.8
17-04-2023,3.54,4.55,4.65
18-04-2023,5.5,-0.47,1.93
19-04-2023,9.43,4.65,1.53
20-04-2023,8.48,1.24,4.62
21-04-2023,6.83,3.46,2.35
22-04-2023,5.9,-1.84,4.11
23-04-2023,1.53,-0.69,1.3
24-04-2023,6.09,-0.39,3.19
25-04-2023,2.8,0.18,1.86
26-04-2023,6.75,2.84,2.57
27-04-2023,7.56,-0.85,1.5
28-04-2023,8.85,1.83,4.55
29-04-2023,6.65,4.58,1.72
30-04-2023,8.12,2.4,2.09
01-05-2023,9.82,4.71,4.12
02-05-2023,5.67,3.96,1.24
03-05-2023,4.39,3.98,3.04
04-05-2023,3.34,-0.76,3.78
05-05-2023,6.22,0.94,4.05
06-05-2023,7.56,0.97,2.52
07-05-2023,5.29,-1.68,4.66
08-05-2023,8.49,1.13,3.52
09-05-2023,9.8,-1.03,2.79
10-05-2023,2.94,1.55,4.18
11-05-2023,3.64,2.55,4.85
12-05-2023,4.99,0.11,4.06
13-05-2023,4.57,4.81,1.21
14-05-2023,5.8,1.14,1.77
15-05-2023,5.2,2.01,4.41
16-05-2023,6.16,-0.33,4.76
17-05-2023,8.58,2.64,4.65
18-05-2023,2.26,3.38,1.2
19-05-2023,9.53,3.59,1.61
20-05-2023,1.65,1.37,4.35
21-05-2023,5.35,2.9,4.37
22-05-2023,1.44,1.67,3.19
23-05-2023,2.7,3.19,2.82
24-05-2023,8.08,-1.46,0.89
25-05-2023,2.16,2.82,1.71
26-05-2023,2.83,0.18,2.9
27-05-2023,2.19,3.31,0.67
28-05-2023,6.17,-0.49,1.6
29-05-2023,8.25,-0.92,3.17
30-05-2023,6.95,2.67,2.79
31-05-2023,5.65,-1.36,1.35
01-06-2023,7.46,1.24,4.25
02-06-2023,8.92,0.09,3.9
03-06-2023,4.53,0.86,0.6
04-06-2023,1.2,0.11,1.18
05-06-2023,1.56,-0.35,3.9
06-06-2023,8.43,-0.04,4.45
07-06-2023,7.25,1.22,4.9
08-06-2023,8.72,3.26,1.8
09-06-2023,3.33,3.82,2.64
10-06-2023,8.42,1.7,2.68
11-06-2023,9.25,-1.5,1.39
12-06-2023,8.05,-0.04,1.44
13-06-2023,7.48,3.83,0.8
14-06-2023,1.76,-0.4,3.4
15-06-2023,5.9,1.28,3.29
16-06-2023,2.62,3.92,0.64
17-06-2023,4.26,-0.13,3.7
18-06-2023,5.93,4.13,4.67
19-06-2023,4.78,0.91,4.72
20-06-2023,4.42,-1.47,4.99
21-06-2023,6.24,4.1,3.11
22-06-2023,7.82,3.92,3.24
23-06-2023,2.43,3.36,3.34
24-06-2023,1.58,-1.52,1.11
25-06-2023,4.21,-1.61,2.93
26-06-2023,4.51,2.25,3.73
27-06-2023,6.11,0.46,1.47
28-06-2023,1.33,2.27,4.54
29-06-2023,5.83,-0.86,4.3
30-06-2023,2.73,3.08,3.57
01-07-2023,5.53,0.81,2.05
02-07-2023,5.68,0.62,4.19
03-07-2023,1.75,0.72,2.15
04-07-2023,7.07,1.8,3.82
05-07-2023,4.59,2.13,0.82
06-07-2023,6.48,2.1,2.6
07-07-2023,8.43,0.78,2.72
08-07-2023,4.73,2.11,4.9
09-07-2023,4.74,-1.01,0.6
10-07-2023,6.29,2.75,3.11
11-07-2023,1.54,0.38,3.03
12-07-2023,5.33,2.34,0.72
13-07-2023,6.44,3.36,4.37
14-07-2023,8.43,0.69,1.73
15-07-2023,9.15,-0.61,1.71
16-07-2023,3.98,3.94,4.14
17-07-2023,3.47,-1.36,4.18
18-07-2023,3.07,2.35,4.57
19-07-2023,2.92,-1.97,2.64
20-07-2023,6.16,3.56,3.81
21-07-2023,4.25,-1.57,4.42
22-07-2023,5.12,1.9,4.67
23-07-2023,3,-0.5,4.08
24-07-2023,6.34,1.62,3.38
25-07-2023,8.61,-0.84,4.1
26-07-2023,1.62,4.25,2.84
27-07-2023,2.47,-0.02,3.03
28-07-2023,9.96,-1.29,1.55
29-07-2023,5.39,-0.14,2.7
30-07-2023,5.3,-1.65,3.42
31-07-2023,6.19,3.58,4.8
01-08-2023,6.31,-0.34,3.24
02-08-2023,2.1,2.26,1.46
03-08-2023,7.21,3.31,1.3
04-08-2023,1.29,0.32,2.38
05-08-2023,8.71,0.63,1.49
06-08-2023,2.28,3.47,3.06
07-08-2023,6.84,3.77,2.75
08-08-2023,5.36,1.31,2.75
09-08-2023,8.15,1.57,4.41
10-08-2023,2.79,-1.59,1.94
11-08-2023,5.66,3.76,2.38
12-08-2023,6.35,-0.42,2.24
13-08-2023,8.93,2.55,1.19
14-08-2023,6.93,-1.32,3.26
15-08-2023,1.67,2.63,3.86
16-08-2023,7.53,4.04,1.83
17-08-2023,5.17,4.03,3.53
18-08-2023,1.7,4.28,2.65
19-08-2023,9.02,1.61,2.5
20-08-2023,8.64,-0.96,1.52
21-08-2023,1.02,2.41,0.75
22-08-2023,9.84,3.7,0.88
23-08-2023,9.42,-0.37,4.94
24-08-2023,4.12,3.81,2.54
25-08-2023,3.68,1.7,3.69
26-08-2023,9.56,-1.31,4.22
27-08-2023,8.85,-0.78,3.59
28-08-2023,7.03,2.55,2.78
29-08-2023,8.17,4.91,4.23
30-08-2023,4.76,1.84,2.75
31-08-2023,4.99,-0.69,4.4
01-09-2023,8.46,-0.02,1.67
02-09-2023,5.5,1.35,2.31
03-09-2023,6.4,1.68,3.67
04-09-2023,8.06,0.55,4.14
05-09-2023,2.69,0.11,4.37
06-09-2023,8.15,-1.05,1.49
07-09-2023,3.9,-0.17,4.26
08-09-2023,2.59,2.09,2.76
09-09-2023,8.44,-1.29,1.61
10-09-2023,3.42,-1.21,2.16
11-09-2023,3.37,4.76,4.01
12-09-2023,5.73,4.06,3.1
13-09-2023,6.21,0.6,2.92
14-09-2023,9.57,-1.58,0.51
15-09-2023,1.76,1.63,0.83
16-09-2023,3.99,4.01,3.53
17-09-2023,5.56,-0.74,1.18
18-09-2023,2.1,1.18,0.71
19-09-2023,7.17,-1.34,4.19
20-09-2023,2.03,1.14,1.62
21-09-2023,5.87,-0.55,1.8
22-09-2023,7.76,3.87,3.78
23-09-2023,3.94,3.23,1.46
24-09-2023,3.17,-1.28,4.49
25-09-2023,4.47,3.14,2.69
26-09-2023,7.63,3.19,1.23
27-09-2023,1.47,1.76,3.46
28-09-2023,1.56,-1.57,3.77
29-09-2023,7.46,-0.58,0.8
30-09-2023,5.09,4.44,3.62
01-10-2023,3.35,-1.23,2.27
02-10-2023,3.11,2.32,1.9
03-10-2023,5.59,4.88,1.28
04-10-2023,1.22,2.19,3.66
05-10-2023,2.72,-1.7,1.84
06-10-2023,6.55,4.28,4.19
07-10-2023,5.08,2.07,4.59
08-10-2023,6.88,3.68,3.59
09-10-2023,4.84,4.24,2.92
10-10-2023,6.94,4.36,2.93
11-10-2023,2.2,0.93,2.97
12-10-2023,9.95,-1.95,1.89
13-10-2023,9.95,2.49,3.47
14-10-2023,3.62,4.35,1.13
15-10-2023,5.75,3.28,0.7
16-10-2023,7.64,2.56,2.17
17-10-2023,1.25,3.21,0.75
18-10-2023,7.97,2.3,0.99
19-10-2023,4.16,-0.84,3.4
20-10-2023,9.36,3.95,4.29
21-10-2023,7.64,-1.48,1.61
22-10-2023,8.98,2.64,0.93
23-10-2023,5.69,1.8,3.36
24-10-2023,4.7,-0.16,2.17
25-10-2023,7.62,0.15,3.52
26-10-2023,8.26,4.2,3.96
27-10-2023,4.97,4.62,4.77
28-10-2023,6.45,1.22,4.56
29-10-2023,5.14,1.8,3.88
30-10-2023,9.13,2.9,1.03
31-10-2023,4.14,-0.94,4.75
01-11-2023,4.5,-0.68,0.77
02-11-2023,3.82,-0.79,4.69
03-11-2023,1.38,2.43,2.19
04-11-2023,2.77,-0.55,4.41
05-11-2023,3.25,4.92,1.65
06-11-2023,5.09,-0.09,2.08
07-11-2023,9.61,3.62,0.89
08-11-2023,3.58,-1.7,2.49
09-11-2023,5.7,-1.36,4.67
10-11-2023,2.58,2.27,3.52
11-11-2023,3.18,0.12,2.38
12-11-2023,1.07,1.86,4.16
13-11-2023,7.55,2.77,2.44
14-11-2023,6.29,2.87,3.9
15-11-2023,4.5,-0.83,3.28
16-11-2023,1.77,3.72,1.3
17-11-2023,5.8,2.4,1.64
18-11-2023,8.54,0.68,2.32
19-11-2023,2.72,4.57,3.33
20-11-2023,2.14,2.94,4.88
21-11-2023,5.78,4.4,4.18
22-11-2023,3.58,3.35,4.57
23-11-2023,3.81,-1.98,4.59
24-11-2023,3.91,1.79,3.7
25-11-2023,2.58,4.94,4.11
26-11-2023,7.83,0.39,2.94
27-11-2023,9.17,0.31,4.35
28-11-2023,8.72,-1.19,4.13
29-11-2023,6.66,1.84,2.06
30-11-2023,7.4,0.83,2.35
01-12-2023,7.01,3.73,2.78
02-12-2023,1.94,-1.64,2
03-12-2023,9.41,2.48,2.01
04-12-2023,9.62,4.13,4.02
05-12-2023,4.6,-0.03,4.05
06-12-2023,1.61,4.88,4.06
07-12-2023,7.98,0.3,3.55
08-12-2023,9.32,2.85,4.27
09-12-2023,4.01,-0.69,4.88
10-12-2023,3.77,-0.09,4.91
11-12-2023,5.34,-0.82,4.87
12-12-2023,6.28,4.6,4.68
13-12-2023,3.42,1.29,4.79
14-12-2023,4.06,1.32,1.51
15-12-2023,1.63,-1.88,4.61
16-12-2023,9.16,-1.78,3.14
17-12-2023,7.2,-0.99,1
18-12-2023,9.13,3.72,1.17
19-12-2023,6.51,-0.94,1.91
20-12-2023,6.83,3.43,2.21
21-12-2023,8.62,1.65,4.16
22-12-2023,2.67,-0.81,4.06
23-12-2023,2.86,-1.21,4.94
24-12-2023,2.55,-1.98,3.4
25-12-2023,3.62,3.72,2.13
26-12-2023,8.88,2.25,1.77
27-12-2023,3.79,2.23,3.47
28-12-2023,6.75,2.8,3.01
29-12-2023,2.65,3.48,0.96
30-12-2023,6.15,3.53,2.75
31-12-2023,9.03,4.6,4.77
01-01-2024,8.93,1.25,3.76
02-01-2024,7.53,4.87,3.03
03-01-2024,5.83,1.47,4.77
04-01-2024,1.91,4.5,3.48
05-01-2024,6.77,0.66,2.21
06-01-2024,2.96,3.67,4.72
07-01-2024,3.46,1.04,3.89
08-01-2024,2.46,3.65,0.73
09-01-2024,5.28,4.69,4.94
10-01-2024,2.58,-1.13,1.57
11-01-2024,8.03,-1.19,1.46
12-01-2024,6.05,-0.43,2.22
13-01-2024,1.6,-0.07,3.72
14-01-2024,9.51,2.25,3.82
15-01-2024,7.86,0.6,4.02
16-01-2024,1.18,0.27,0.66
17-01-2024,9.83,1.71,2.22
18-01-2024,8.71,-1.67,1.65
19-01-2024,6.09,1.64,4.86
20-01-2024,9.89,-1.71,3.04
21-01-2024,1.39,4.18,4.33
22-01-2024,8.96,1.84,4.37
23-01-2024,6.06,2.1,2.58
24-01-2024,1.91,3.87,0.74
25-01-2024,8.68,3.46,3.22
26-01-2024,4.89,1.52,2.31
27-01-2024,9.71,0.81,2.71
28-01-2024,1.73,3.24,3.28
29-01-2024,1.75,3.61,3.49
30-01-2024,3.57,-0.5,2.48
31-01-2024,6.49,-1.36,0.96
01-02-2024,5.73,3.55,1.1
02-02-2024,7.52,-1.5,3.46
03-02-2024,9.89,0.89,4.61
04-02-2024,2.78,1.53,1.18
05-02-2024,8.23,-1.7,1.05
06-02-2024,6.26,3.32,4.24
07-02-2024,4.24,-1.8,0.65
08-02-2024,5.3,3.45,1.73
09-02-2024,9.62,2.94,1.6
10-02-2024,2.04,2.25,3.87
11-02-2024,2.01,-1.08,4.01
12-02-2024,5.66,2.52,2.39
13-02-2024,7.19,3.26,4.99
14-02-2024,2.3,-0.8,0.84
15-02-2024,2.71,2.74,4.59
16-02-2024,4.35,-0.74,0.61
17-02-2024,9.59,1.49,0.76
18-02-2024,3.93,2.88,1.89
19-02-2024,6.2,-0.29,3.6
20-02-2024,3.43,1.64,0.65
21-02-2024,6.38,4.52,1.71
22-02-2024,2.92,0.85,3.01
23-02-2024,5.92,4.89,3.75
24-02-2024,7.69,4.52,4.21
25-02-2024,7.37,4.19,3.22
26-02-2024,6.36,-0.87,2.14
27-02-2024,1.21,-0.74,1.43
28-02-2024,6.91,2.64,4.81
29-02-2024,2.73,4.02,2.52
01-03-2024,9.06,3.52,2.68
02-03-2024,4.49,1.81,4.42
03-03-2024,7.51,-1.58,1.02
04-03-2024,6.22,3.48,1.53
05-03-2024,2.64,3.62,4.81
06-03-2024,9.58,4.38,0.99
07-03-2024,5.06,1.65,2.01
08-03-2024,5.66,4.74,0.84
09-03-2024,8.45,-0.52,3.7
10-03-2024,4.56,4.91,3.99
11-03-2024,9.94,-0.32,1.65
12-03-2024,4.6,-1.34,1.32
13-03-2024,9.35,4.11,2.29
14-03-2024,5.25,-0.25,4.24
15-03-2024,5.96,-0.81,2.05
16-03-2024,2.3,2.87,3.79
17-03-2024,9.13,2.08,4.77
18-03-2024,8.61,-1.41,1.7
19-03-2024,7.82,-0.35,1.64
20-03-2024,9.25,0.92,0.77
21-03-2024,6.65,-0.33,3.96
22-03-2024,9.62,-1.7,0.58
23-03-2024,4.67,1.07,2.84
24-03-2024,5.43,-1.65,1.67
25-03-2024,6.79,1.83,3.62
26-03-2024,7.8,-0.14,0.88
27-03-2024,4.22,-1.31,0.73
28-03-2024,8.97,4.83,2.43
29-03-2024,3.16,-1.52,1.19
30-03-2024,4.4,-1.43,3.03
31-03-2024,5.7,1.05,1.75
01-04-2024,8.96,4.56,2.23
02-04-2024,1.61,-0.73,4.55
03-04-2024,4.07,2.9,1.86
04-04-2024,2.05,4.18,4.12
05-04-2024,5.57,0.77,0.79
06-04-2024,7.09,0.74,4.33
07-04-2024,9.4,-0.48,3.26
08-04-2024,9.86,2.03,1.88
09-04-2024,2.48,3.56,0.81
10-04-2024,4.5,3.07,4.33
11-04-2024,3.88,-0.79,1.64
12-04-2024,1.68,-0.12,3.79
13-04-2024,6.03,0.74,2.06
14-04-2024,9.18,-1.6,4.11
15-04-2024,8.09,-1.81,1.42
16-04-2024,4.23,0.18,2.38
17-04-2024,2.27,0.13,1
18-04-2024,5.33,-1.75,4.45
19-04-2024,8.1,-1.66,1.16
20-04-2024,1.66,-1.54,3.3
21-04-2024,5.02,4.22,2.24
22-04-2024,8.23,1.16,2.35
23-04-2024,1.65,-1.07,2.87
24-04-2024,1.71,-0.77,1.03
25-04-2024,8.79,-1.66,2.68
26-04-2024,6.58,-1.56,4.95
27-04-2024,6.99,-1.11,4.15
28-04-2024,5.93,-1.2,1.59
29-04-2024,7.87,0.58,1.25
30-04-2024,6.73,1.16,1.56
01-05-2024,7.11,-0.05,3.32
02-05-2024,4,4.32,4.53
03-05-2024,6.26,3.16,4.56
04-05-2024,9.3,-1.57,4.63
05-05-2024,1.07,-1.04,4.82
06-05-2024,6.27,-0.77,4.8
07-05-2024,7.3,2.17,0.53
08-05-2024,9.49,2.58,4.6
09-05-2024,4.46,-0.69,2.87
10-05-2024,1.59,1.31,3.85
11-05-2024,2.09,2.55,2.61
12-05-2024,5.8,-1.84,0.62
13-05-2024,5.76,1.97,1.02
14-05-2024,1.85,4.16,3.52
15-05-2024,2.76,0.25,0.88
16-05-2024,8.63,2.97,3.11
17-05-2024,2.34,4.61,0.67
18-05-2024,5.25,0.53,2.15
19-05-2024,2.33,-1.45,1.25
20-05-2024,2.68,-0.08,2.32
21-05-2024,2.84,-0.54,2.77
22-05-2024,9.11,3.79,2.59
23-05-2024,8.87,-0.25,0.85
24-05-2024,3.46,1.49,1.55
25-05-2024,3.7,1.03,3.36
26-05-2024,1.76,-1.02,3.82
27-05-2024,7.37,3.57,1.25
28-05-2024,1.25,1.12,1.68
29-05-2024,2.89,2.38,2.75
30-05-2024,1.07,-1.08,3.73
31-05-2024,6.53,4.69,3.78
01-06-2024,8.46,1.98,1.13
02-06-2024,2.81,4.86,2.73
03-06-2024,9.21,0.51,0.59
04-06-2024,5.99,0.19,4.24
05-06-2024,7.56,-1.73,4.03
06-06-2024,1.47,-0.72,0.54
07-06-2024,8.48,3.77,1.81
08-06-2024,4.06,1.03,0.87
09-06-2024,9.14,0.5,2.16
10-06-2024,4.09,1.18,1.22
11-06-2024,5.59,0.26,4.3
12-06-2024,9.27,1.78,3.42
13-06-2024,9.85,4.76,0.91
14-06-2024,3.35,-1.57,0.85
15-06-2024,8.45,-1.25,2.9
16-06-2024,6.38,2.59,0.61
17-06-2024,6.67,4.75,2.51
18-06-2024,6.61,2.1,1.66
19-06-2024,3.51,3.82,0.7
20-06-2024,4.38,4.04,2.7
21-06-2024,4.65,1.46,3.63
22-06-2024,8.54,3.52,3.4
23-06-2024,8.97,4.02,0.95
24-06-2024,9.68,4.33,0.56
25-06-2024,1.36,4.23,0.8
26-06-2024,5.64,-1.83,4.77
27-06-2024,7.69,1.45,2.75
28-06-2024,2.77,0.37,2.16
29-06-2024,5.7,1.66,3.68
30-06-2024,3.61,1.76,4
01-07-2024,5.86,4.15,2.25
02-07-2024,2.69,4.05,4.17
03-07-2024,9.21,4.9,3.13
04-07-2024,9.17,-1.06,2.87
05-07-2024,8.85,-0.35,1.05
06-07-2024,2.53,1.01,1.22
07-07-2024,7.02,0.68,0.82
08-07-2024,9.03,4.51,1.42
09-07-2024,1.1,0.66,3.89
10-07-2024,2.72,-1.83,4.17
11-07-2024,6.25,-0.24,0.98
12-07-2024,8.86,1.42,0.73
13-07-2024,6.3,2.68,1.3
14-07-2024,3.15,1.83,3.26
15-07-2024,3.11,4.2,4.06
16-07-2024,7.56,-0.48,3.51
17-07-2024,6.62,-1.03,2.33
18-07-2024,7.45,-1.28,1.48
19-07-2024,7.54,4.49,2.42
20-07-2024,7.36,2.63,3.02
21-07-2024,2.01,1.47,4.1
22-07-2024,7.96,-1.1,3.94
23-07-2024,4.13,1.59,3.78
24-07-2024,5.01,4.34,1.97
25-07-2024,8.25,4.12,3.9
26-07-2024,4.04,0.11,1.76
27-07-2024,5.83,1,0.74
28-07-2024,3.58,2.18,4.75
29-07-2024,7.47,0.38,3.67
30-07-2024,1.81,2.82,3.09
31-07-2024,6.36,3.35,4.71
01-08-2024,9.63,0.62,1.89
02-08-2024,3.36,-1.52,3.67
03-08-2024,7.67,0.52,3.56
04-08-2024,9.21,-1.12,1.98
05-08-2024,5.41,3.27,3.55
06-08-2024,6.48,-1.67,0.57
07-08-2024,2.87,3.68,2.04
08-08-2024,8.51,1.65,2.08
09-08-2024,1.24,3.15,1.97
10-08-2024,3.22,1.5,1.07
11-08-2024,2.67,2.8,4.4
12-08-2024,1.78,-1.36,3.42
13-08-2024,3.34,0.09,2.96
14-08-2024,6.44,3.9,3.03
15-08-2024,2.17,3.98,3.89
16-08-2024,4.93,1.24,2.66
17-08-2024,7.48,-1.33,3.71
18-08-2024,9.6,2.01,1.25
19-08-2024,4.89,0.61,2.97
20-08-2024,8.38,1.08,2.74
21-08-2024,5.81,-1.26,3.4
22-08-2024,4.78,-0.88,2.17
23-08-2024,9.08,4.99,2.82
24-08-2024,7.92,4.66,4.77
25-08-2024,3.14,1.49,1.28
26-08-2024,2.88,1.05,2.63
27-08-2024,8.56,0.66,3.14
28-08-2024,2.75,-0.48,2.05
29-08-2024,1.29,4.78,1.06
30-08-2024,9.32,4.83,3.37
31-08-2024,8.32,1.4,2.27
01-09-2024,6.1,4.88,3.24
02-09-2024,2.48,4.88,4.48
03-09-2024,8.41,0.55,3.62
04-09-2024,2.81,2.7,0.8
05-09-2024,2.63,1.89,2.99
06-09-2024,6.35,-1.21,4.41
07-09-2024,6.55,1.04,2.29
08-09-2024,1.14,-0.41,2.96
09-09-2024,6.71,3.14,4.64
10-09-2024,6.17,-1.64,1.18
11-09-2024,1.91,4.74,1.58
12-09-2024,2.54,4.67,4.86
13-09-2024,6.78,1.99,4.02
14-09-2024,5.96,-1.52,1.72
15-09-2024,9.28,0.3,4.34
16-09-2024,6.32,4.43,4.32
17-09-2024,2.16,3.1,2.83
18-09-2024,6.4,-0.38,2.59
19-09-2024,5.36,4.3,2.17
20-09-2024,9.44,-0.7,2.18
21-09-2024,9.03,0.41,2.4
22-09-2024,7.76,0.92,1.12
23-09-2024,2.32,4.99,0.96
24-09-2024,3.86,2.38,2.61
25-09-2024,5.71,4.22,1.57
26-09-2024,8.41,1.05,2.24
27-09-2024,7.74,3.77,2.76
28-09-2024,4.83,3.48,3.46
29-09-2024,1.23,3.48,4.15
30-09-2024,5.79,4.78,1.43
01-10-2024,4.21,1.44,1.43
02-10-2024,6.89,2.49,3.62
03-10-2024,6.86,0.7,1.61
04-10-2024,3.92,-0.31,4.06
05-10-2024,6.81,0.17,5
06-10-2024,1.45,2.45,4.88
07-10-2024,5.64,-0.63,2.75
08-10-2024,1.04,3.09,1.15
09-10-2024,1.02,-0.98,1.24
10-10-2024,9.79,-0.18,2.58
11-10-2024,6.18,1.15,1.22
12-10-2024,1.82,-1.36,1.61
13-10-2024,7.24,4.88,4.66
14-10-2024,5.65,-1.71,0.54
15-10-2024,1.29,-1.48,0.71
16-10-2024,2.4,3.72,3.6
17-10-2024,3.19,4.07,2.63
18-10-2024,7.36,4.37,4.04
19-10-2024,5.75,2.72,0.51
20-10-2024,7.51,1.85,3.38
21-10-2024,8.65,0.58,1.97
22-10-2024,6.78,-0.85,3.17
23-10-2024,4.4,2.23,2.11
24-10-2024,2.32,-1.17,4.77
25-10-2024,9.79,-1.04,0.68
26-10-2024,3.7,4.67,0.77
27-10-2024,4.8,2.99,2.5
28-10-2024,3.5,2.39,2.15
29-10-2024,2.51,1.28,1.9
30-10-2024,7.76,4.78,4.04
31-10-2024,1.85,4.67,2.94
01-11-2024,1.42,-1.51,4.02
02-11-2024,7.17,1.92,1.82
03-11-2024,3.92,3.38,4.69
04-11-2024,8.16,4.68,1.38
05-11-2024,5.6,1.54,2.65
06-11-2024,4.41,1.26,2.77
07-11-2024,4.11,3.33,1.36
08-11-2024,9.08,1.44,2.27
09-11-2024,1.32,0.44,4.3
10-11-2024,4.18,-1.28,3.09
11-11-2024,7.26,3.33,4.73
12-11-2024,4.03,-1.19,1.67
13-11-2024,4.09,4.6,3.61
14-11-2024,4.93,3.65,1.44
15-11-2024,8.1,-0.31,1.74
16-11-2024,3.79,2.38,4.42
17-11-2024,1.67,1.39,1.53
18-11-2024,7.03,-1.51,3.86
19-11-2024,8.41,-0.36,2.87
20-11-2024,5.51,1.49,0.87
21-11-2024,2.02,4.77,4.61
22-11-2024,3.88,2.79,4.68
23-11-2024,8.65,2.28,2.84
24-11-2024,6.95,-1.09,1.44
25-11-2024,6.73,0.33,1.84
26-11-2024,1.22,4.47,1.94
27-11-2024,8.7,-1.67,4.35
28-11-2024,7.36,-1.94,2.2
29-11-2024,4.81,2.93,1.49
30-11-2024,8.19,-0.37,1.4
01-12-2024,5.73,-1.44,1.26
02-12-2024,3.77,3.91,4.41
03-12-2024,6.91,2.53,4.01
04-12-2024,2.06,3.29,1.48
05-12-2024,5.05,2.72,1.83
06-12-2024,9.72,3.14,1.44
07-12-2024,1.42,-0.81,0.58
08-12-2024,3.98,1.83,4.61
09-12-2024,6.36,4.46,4.86
10-12-2024,5.37,-1.33,3.07
11-12-2024,7.16,3.11,2.66
12-12-2024,4.01,1.18,1.07
13-12-2024,7.65,0.6,2.82
14-12-2024,7.52,3.05,1.31
15-12-2024,4.07,-1.4,4.86
16-12-2024,4.94,2.28,2.29
17-12-2024,4.42,-1.2,3.96
18-12-2024,1.29,3.33,4.41
19-12-2024,4.39,1.2,4.57
20-12-2024,1.26,-1.76,1.24
21-12-2024,1.62,3.3,4.14
22-12-2024,6.1,4.51,3.77
23-12-2024,6.96,-0.95,2.37
24-12-2024,4.91,1.06,1.35
25-12-2024,6.52,1.33,2.42
26-12-2024,2.68,3.16,2.78
27-12-2024,3.85,1.61,0.61
28-12-2024,9.57,-0.82,2.61
29-12-2024,2.88,0.72,3.72
30-12-2024,4.2,2.73,3.04
31-12-2024,5.65,0.69,1.73
01-01-2025,9.54,1.9,4.91
02-01-2025,2.44,2.01,0.79
03-01-2025,9.6,3.55,1.91
04-01-2025,7.53,0.21,4.04
05-01-2025,7.39,3.93,3.46
06-01-2025,4.95,0.97,3.1
07-01-2025,1.67,-0.85,2.58
08-01-2025,1.88,0.77,1.6
09-01-2025,8.49,-1.71,0.84
10-01-2025,5.04,-1.03,0.62
11-01-2025,5.66,2.74,0.98
12-01-2025,2.72,0.3,4.96
13-01-2025,8.74,0.42,0.69
14-01-2025,4.44,3.43,1.03
15-01-2025,9.23,-1.37,1.56
16-01-2025,1.96,0.28,1.77
17-01-2025,6.78,1.04,4.12
18-01-2025,9.99,2.92,2.76
19-01-2025,2.41,0.74,0.63
20-01-2025,5.82,3.23,2.45
21-01-2025,2.27,4.55,2.8
22-01-2025,4.09,4.59,4.62
23-01-2025,6.46,4.22,0.73
24-01-2025,7.64,-0.89,2.48
25-01-2025,8.3,0.88,1.02
26-01-2025,1.91,1.79,3.92
27-01-2025,9.67,4.42,3.35
28-01-2025,9.13,-1.81,3.59
29-01-2025,7.81,0.09,2.88
30-01-2025,6.03,-0.2,1.6
31-01-2025,5.83,-1.44,3.07
01-02-2025,9.47,3.91,4.86
02-02-2025,4.72,0.72,3.31
03-02-2025,1.81,1.43,4.68
04-02-2025,6.75,4.05,0.65
05-02-2025,5.36,-0.01,4.16
06-02-2025,1.71,3.79,3.56
07-02-2025,6.99,2.18,4.15
08-02-2025,9.95,0.55,4.93
09-02-2025,5.2,2.16,3.67
10-02-2025,6.77,-1.68,4.02
11-02-2025,3.4,0.54,0.53
12-02-2025,6.89,4.02,1.32
13-02-2025,1.92,0.22,0.52
14-02-2025,7.14,0.89,4.16
15-02-2025,4.88,-0.4,2.83
16-02-2025,8.7,4.18,2.51
17-02-2025,7.75,3.78,4.06
18-02-2025,9.65,3.61,1.46
19-02-2025,7.38,0.22,4.33
20-02-2025,2.16,2.72,2.07
21-02-2025,2.33,4.3,2.1
22-02-2025,6.31,3.82,0.52
23-02-2025,5.52,3.63,0.97
24-02-2025,5.84,3.56,4.77
25-02-2025,3.91,2.48,2.59
26-02-2025,6.1,0.32,3.63
27-02-2025,5.8,0.37,3.54
28-02-2025,5.31,2.28,4.44
01-03-2025,7.29,-0.78,4.08
02-03-2025,7.2,4.45,1.28
03-03-2025,9.98,1.3,2.5
04-03-2025,1.39,-1.9,2.5
05-03-2025,4.66,1.6,1.44
06-03-2025,9.44,-0.83,3.23
07-03-2025,3.54,1.99,3.12
08-03-2025,2.8,-0.46,0.77
09-03-2025,1.2,0.34,3.84
10-03-2025,6.15,3.84,4.99
11-03-2025,5.54,1.34,3.59
12-03-2025,6.33,1.54,1.27
13-03-2025,6.84,2.89,3.52
14-03-2025,7.08,4.31,0.66
15-03-2025,9.47,4.62,1.09
16-03-2025,6.42,1.12,1.68
17-03-2025,6.94,3.91,3.21
18-03-2025,5.59,2.01,2.27
19-03-2025,4.93,-1.46,4.2
20-03-2025,2.12,-0.16,3.14
21-03-2025,7.16,-0.56,2.62
22-03-2025,6.33,2.84,1.51
23-03-2025,4.11,-0.12,1.72
24-03-2025,2.47,1.08,4.32
25-03-2025,5.75,0.64,2.05
26-03-2025,6.59,0.83,1.48
27-03-2025,8.33,3.15,2.74
28-03-2025,1.43,1.23,4.87
29-03-2025,4.77,2.11,3.94
30-03-2025,3.68,-0.96,2.43
31-03-2025,9.39,0.4,3.39
01-04-2025,8.38,2.79,4.58
02-04-2025,9.01,0.88,0.93
03-04-2025,4.11,1.38,3.94
04-04-2025,6.9,0.57,4.58
05-04-2025,1.61,4.78,3.74
06-04-2025,5.51,-0.44,4.15
07-04-2025,4.83,1.49,4.85
08-04-2025,9.13,2.95,3.3
09-04-2025,7.71,3.75,4.51
10-04-2025,4.31,-0.28,1.21
11-04-2025,2.87,-0.83,2.86
12-04-2025,1.59,-0.45,1.2
13-04-2025,1.71,-0.95,0.51
14-04-2025,3.05,4.5,1.44
15-04-2025,8.17,0.17,0.67
16-04-2025,1.87,-1.54,2.32
17-04-2025,7.85,3.82,2.52
18-04-2025,5.28,1.21,4.07
19-04-2025,1.77,4.49,1.69
20-04-2025,4.96,1.22,2.72
21-04-2025,1.92,4.48,3.35
22-04-2025,8.05,1.15,1.49
23-04-2025,3.47,-0.97,2.99
24-04-2025,4.95,4.59,2.49
25-04-2025,1.6,3.54,2.99
26-04-2025,5.22,-1.49,3.78
27-04-2025,4.46,3.01,1.06
28-04-2025,7.04,1.1,1.46
29-04-2025,7.03,2.83,3.09
30-04-2025,2.5,-1.33,2.75
01-05-2025,6.83,2.26,3.5
02-05-2025,8.66,-1.91,2.92
03-05-2025,7.13,-0.72,4.64
04-05-2025,1.29,1.2,2.52
05-05-2025,8.38,-1.2,1.86
06-05-2025,5.81,2.24,4.76
07-05-2025,8.16,0.46,2.5
08-05-2025,1.99,3.16,3.97
09-05-2025,6,3.81,3.72
10-05-2025,4.63,-1.77,1.1
11-05-2025,1.68,2.35,4.75
12-05-2025,3.98,-0.79,4.93
13-05-2025,2.02,-0.19,3.83
14-05-2025,2.8,0.13,3.64
15-05-2025,9.92,-0.18,1.83
16-05-2025,9.36,3.79,3.78
17-05-2025,8.06,0.91,2.86
18-05-2025,9.63,-0.3,0.58
19-05-2025,5.73,0.89,2.65
20-05-2025,6.37,4.61,2.87
21-05-2025,7.08,-0.29,4.45
22-05-2025,6.25,1.8,2.57
23-05-2025,5.35,4.32,0.53
24-05-2025,8.32,-0.25,4.82
25-05-2025,2.87,1.96,3.35
26-05-2025,6.77,4.36,3.8
27-05-2025,5.68,4.07,4.84
28-05-2025,4.86,0.57,0.95
29-05-2025,2.82,4.79,1.92
30-05-2025,7.81,3.87,3.71
31-05-2025,4.43,3.86,0.97
01-06-2025,9.41,4.3,4.83
02-06-2025,2.52,-0.51,2.58
03-06-2025,2.1,2.7,4.78
04-06-2025,8.24,-1.58,1.88
05-06-2025,7.16,-1.36,2.98
06-06-2025,7.1,0.52,4.96
07-06-2025,1.42,-1.52,4.17
08-06-2025,2.52,0.74,4.76
09-06-2025,2.03,1.26,4.92
10-06-2025,4.62,3.89,3.31
11-06-2025,6.19,1.04,1.02
12-06-2025,1.28,2.57,2.32
13-06-2025,5.07,4.7,0.6
14-06-2025,6.59,1.06,2.54
15-06-2025,9.63,4.53,2.14
16-06-2025,6.73,2.19,3.78
17-06-2025,6.66,4.6,2.08
18-06-2025,7.16,-0.59,0.95
19-06-2025,9.63,3.7,0.68
20-06-2025,8.76,4.8,1.17
21-06-2025,2.53,1.09,2.56
22-06-2025,4.36,3.04,2.34
23-06-2025,3.6,-1.77,4.67
24-06-2025,6.08,4.61,3.94
25-06-2025,3.93,0.26,4.8
26-06-2025,7.09,-0.38,0.59
27-06-2025,1.55,-0.92,2.11
28-06-2025,3.33,3.35,2.41
29-06-2025,3.22,0.72,2.27
30-06-2025,1.61,3.72,1.03
01-07-2025,9.73,2.29,3.65
02-07-2025,1.08,3.7,3.34
03-07-2025,7.32,2.52,1.42
04-07-2025,8.32,0.57,2.95
05-07-2025,5.42,0.18,1.44
06-07-2025,7.57,3.81,1.77
07-07-2025,3.16,0.78,1.35
08-07-2025,9.72,-0.49,3.7
09-07-2025,9.95,-0.84,1.86
10-07-2025,3.31,0.16,4.31
11-07-2025,9.09,-1.03,1.4
12-07-2025,6.53,3.72,1.58
13-07-2025,9.55,3.46,1.58
14-07-2025,6.28,3.48,2.2
15-07-2025,8.55,-1.68,4.93
16-07-2025,4.06,-0.14,2.71
17-07-2025,3.73,2.97,3.11
18-07-2025,1.38,-0.56,1.35
19-07-2025,2.49,4.31,2.06
20-07-2025,2.19,4.09,3.48
21-07-2025,5.84,3.73,3.82
22-07-2025,5.89,-0.84,1.32
23-07-2025,7.64,1.46,4.35
24-07-2025,1.86,-1.58,1.24
25-07-2025,2.73,4.88,4.43
26-07-2025,7.83,3.42,4.54
27-07-2025,8.87,1.87,0.9
28-07-2025,5.67,0.97,1.17
29-07-2025,6.71,-1.19,3.17
30-07-2025,2.13,2.51,0.95
31-07-2025,3.56,-1.21,4.72
01-08-2025,8.31,-1.71,2.64
02-08-2025,6.29,-1.31,2.62
03-08-2025,4.5,-1.76,1.2
04-08-2025,4.4,1.16,2.51
05-08-2025,4.03,-0.83,0.84
06-08-2025,8.11,-0.5,0.8
07-08-2025,9.18,1.19,1.86
08-08-2025,9.36,2.76,0.97
09-08-2025,1.01,0.56,3.34
10-08-2025,3.98,0.69,1.04
11-08-2025,3.67,3.54,3.53
12-08-2025,9.2,1.59,2.61
13-08-2025,8.67,2.55,2.09
14-08-2025,6.57,-1.49,1.89
15-08-2025,9.95,4.9,1.55
16-08-2025,3.7,-1.52,1.86
17-08-2025,9.74,0.73,1.17
18-08-2025,3.65,3.02,1.17
19-08-2025,3.53,2.99,4.49
20-08-2025,4.88,-0.74,1.53
21-08-2025,5.1,4.13,0.74
22-08-2025,5.47,-1.88,3.12
23-08-2025,7.39,1.13,2.47
24-08-2025,4.87,0.27,0.74
25-08-2025,9.85,-0.31,4.43
26-08-2025,7.69,-0.45,4.18
27-08-2025,8.88,-1.79,1.89
28-08-2025,9.61,0.89,1.38
29-08-2025,2.5,0.78,1.42
30-08-2025,4.18,3.33,4.17
31-08-2025,5.21,1.85,0.66
01-09-2025,2.2,-1.03,1.64
02-09-2025,3.5,1.17,3.14
03-09-2025,3.44,2.95,4.93
04-09-2025,7.58,0.72,2.97
05-09-2025,7.01,2.45,4.66
06-09-2025,2.89,-0.06,0.55
07-09-2025,3.06,-1.05,1.5
08-09-2025,3.67,3.27,0.88
09-09-2025,1.08,-0.76,1.11
10-09-2025,5.01,1.13,3.73
11-09-2025,2.66,-0.71,3.39
12-09-2025,6.58,0.09,1.46
13-09-2025,8.41,4.16,1.01
14-09-2025,8.28,4.36,2.25
15-09-2025,7.72,-0.68,3.08
16-09-2025,1.94,-1.94,1.04
17-09-2025,3.13,0.72,4.69
18-09-2025,7.59,-1.53,1.26
19-09-2025,3.53,4.04,1.04
20-09-2025,1.17,0.16,0.89
21-09-2025,7.28,-1.57,1.81
22-09-2025,8.19,1.37,0.79
23-09-2025,8.73,-1.98,3.99
24-09-2025,8.39,-0.11,3.84
25-09-2025,5.95,3.07,2.63
26-09-2025,9.68,-0.08,0.53
27-09-2025,5,2.18,1.13
28-09-2025,2.15,1.96,2.17
29-09-2025,1.94,3.41,2.39
30-09-2025,2.67,2.58,2.17
01-10-2025,1.77,3.38,1.52
02-10-2025,1.62,3.03,4.75
03-10-2025,4.08,-0.81,3.05
04-10-2025,2.29,2.07,1.22
05-10-2025,6.45,1.05,2.86
06-10-2025,6.67,3.11,3.3
07-10-2025,7.05,4.85,2.03
08-10-2025,3.17,1.14,4.37
09-10-2025,2.82,0.9,4.09
10-10-2025,1.67,-0.22,2.63
11-10-2025,4.09,1.77,1.68
12-10-2025,2.19,3.07,3.78
13-10-2025,2.83,-0.34,3.15
14-10-2025,2.13,-0.94,4.88
15-10-2025,1.71,3.11,4.54
16-10-2025,3.72,3.01,0.85
17-10-2025,3.48,1.36,4.76
18-10-2025,4.87,3.47,2.6
19-10-2025,7.36,2.72,4.3
20-10-2025,4.11,3.1,2.27
21-10-2025,6.09,0.31,4.32
22-10-2025,1.57,1.87,0.71
23-10-2025,3.64,3.73,4.79
24-10-2025,5.04,2.64,3.53
25-10-2025,7.26,2.92,4.48
26-10-2025,3.64,2.41,2.33
27-10-2025,3.39,2.64,4.93
28-10-2025,7.44,4.67,1.74
29-10-2025,4.29,0.77,3.03
30-10-2025,7.42,-1.81,2.36
31-10-2025,3.88,3.58,3.7
01-11-2025,5.03,4.16,1.37
02-11-2025,2.36,-1.61,2.79
03-11-2025,3.45,3.3,2.5
04-11-2025,8.82,0.42,3.37
05-11-2025,9.07,0.33,2.34
06-11-2025,2.82,4.2,3.13
07-11-2025,6.09,-0.95,1.21
08-11-2025,7.12,-1.82,3
09-11-2025,3.05,2.98,3.1
10-11-2025,3.52,0.63,1.4
11-11-2025,5.38,3.64,4.5
12-11-2025,2.19,-1.8,1.58
13-11-2025,6.91,3.17,3.47
14-11-2025,6.17,-1.17,1.32
15-11-2025,5.31,0.73,3.44
16-11-2025,3.86,2.54,0.61
17-11-2025,9.6,4.02,1.56
18-11-2025,4.65,3.21,4.14
19-11-2025,5.14,-1.42,4.05
20-11-2025,1.95,4.98,4.22
21-11-2025,3.13,-1.06,2.47
22-11-2025,7.57,0.64,0.6
23-11-2025,6.2,2.34,3.71
24-11-2025,9.86,0.2,3.42
25-11-2025,9.79,1.96,0.77
26-11-2025,2.76,0.56,1.13
27-11-2025,6.07,0.42,4.25
28-11-2025,4.3,0.55,2.33
29-11-2025,3.38,3.43,2.46
30-11-2025,1.51,-1.91,3.11
01-12-2025,4.48,-0.25,4.03
02-12-2025,6.42,4.87,0.81
03-12-2025,2.7,-0.23,4.43
04-12-2025,3.49,3.65,1.59
05-12-2025,1.56,-0.92,4.62
06-12-2025,6.45,2.49,2.03
07-12-2025,6.57,2.43,2.7
08-12-2025,9.6,0.88,0.81
09-12-2025,4.64,-0.32,2.48
10-12-2025,4.37,-1.6,2.38
11-12-2025,7.11,-0.92,3.98
12-12-2025,6.77,1.34,4.26
13-12-2025,7.18,3.9,3.05
14-12-2025,2.18,2.03,1.98
15-12-2025,2.3,0.4,4.54
16-12-2025,6.81,-1.93,4.76
17-12-2025,6.24,-0.67,1.29
18-12-2025,5.43,1.52,3.99
19-12-2025,6.94,1.35,2.33
20-12-2025,5.74,-1.19,4.26
21-12-2025,8.97,0.55,1.72
22-12-2025,3.55,1.01,0.71
23-12-2025,6.52,4.64,3.7
24-12-2025,7.16,-0.85,0.9
25-12-2025,9.37,3.93,3.44
26-12-2025,8.69,3.13,4.87
27-12-2025,1.38,4.55,0.75
28-12-2025,5.57,3.54,2.31
29-12-2025,7.95,3.95,4.27
30-12-2025,7.68,-1.38,1.36
31-12-2025,7.03,4.21,0.69
01-01-2026,5.05,-0.64,0.58
02-01-2026,8.88,1.81,3.08
03-01-2026,9.33,1.99,4.36
04-01-2026,3.05,-0.57,2.82
05-01-2026,8.57,-1.53,4.69
06-01-2026,3.88,-0.78,1.39
07-01-2026,6.28,4.18,4.99
08-01-2026,9.91,0.51,1.25
09-01-2026,2.23,2.73,1.81
10-01-2026,4,0.74,2.29
11-01-2026,9.6,1.92,0.87
12-01-2026,8.71,2.06,3.09
13-01-2026,7.66,2.63,2.16
14-01-2026,8.68,3.99,4.43
15-01-2026,8.57,-1.43,3.94
16-01-2026,3.05,2.31,2.98
17-01-2026,2.84,-1.11,3.74
18-01-2026,2.52,3.31,2.65
19-01-2026,5.09,2.63,1.19
20-01-2026,7.3,1.96,3.48
21-01-2026,7.01,0.29,3.36
22-01-2026,4.36,-1.48,4.85
23-01-2026,3.72,0.15,4.26
24-01-2026,5.51,4.29,1.97
25-01-2026,3.74,1.03,2.78
26-01-2026,2.49,2.54,2.02
27-01-2026,4.56,2.89,4.86
28-01-2026,6.33,3.4,1.2
29-01-2026,6.29,1.33,2.38
30-01-2026,5.03,3.11,0.6
31-01-2026,9.87,-0.55,4.91
01-02-2026,9.4,-0.39,3.91
02-02-2026,2.74,0.34,4.77
03-02-2026,7.5,2.1,1.8
04-02-2026,5.92,-0.64,0.92
05-02-2026,7.75,4.65,2.02
06-02-2026,9.44,-0.33,3.82
07-02-2026,7.47,-1.81,3.28
08-02-2026,2.08,-0.99,3.25
09-02-2026,3.12,0.67,2.68
10-02-2026,1.99,-1.14,1.57
11-02-2026,5.01,0.75,3.21
12-02-2026,3.27,4.63,2.92
13-02-2026,8.42,-1.29,3.75
14-02-2026,7.89,3.02,4.64
15-02-2026,9.8,-0.88,3.32
16-02-2026,3.09,4.92,0.73
17-02-2026,8.19,4.44,4.23
18-02-2026,2.04,2.49,4.57
19-02-2026,3.53,1.53,1.72
20-02-2026,5.1,3.76,4.52
21-02-2026,9.65,0.08,4.13
22-02-2026,1.98,3.23,4.77
23-02-2026,2.96,3.43,2.38
24-02-2026,3.47,4.16,1.98
25-02-2026,4.15,-1.52,1.53
26-02-2026,5.48,-0.82,1.5
27-02-2026,2.21,1.03,2.23
28-02-2026,3.01,0.04,3.75
01-03-2026,6.75,0.68,2.25
02-03-2026,7.6,4.68,3.39
03-03-2026,8.76,1.43,3.09
04-03-2026,5.39,2.49,4.7
05-03-2026,8.83,-1.18,4.18
06-03-2026,8.46,-0.57,2.16
07-03-2026,7.51,1.73,4.76
08-03-2026,6.23,4.99,1.74
09-03-2026,6.25,2.62,3.64
10-03-2026,7.22,3.47,1.84
11-03-2026,1.66,1.65,4.91
12-03-2026,6.04,3.6,3.95
13-03-2026,7.82,2.94,2.75
14-03-2026,2.24,3.94,1.07
15-03-2026,4.41,2.43,4.77
16-03-2026,9.42,0.8,4.93
17-03-2026,5.1,3.82,3.69
18-03-2026,4.47,-0.76,3.5
19-03-2026,6.8,1.33,1.33
20-03-2026,3.69,-0.28,2.08
21-03-2026,5.88,0.65,1.12
22-03-2026,6.2,-1.44,2
23-03-2026,3.42,4.11,1.06
24-03-2026,8.51,1.25,2.43
25-03-2026,6.85,-0.06,0.87
26-03-2026,3.94,2.34,2.83
27-03-2026,6.84,4.8,0.66
28-03-2026,2.96,1.62,3.29
29-03-2026,8.61,-1.38,4.35
30-03-2026,3.44,2.45,4.73
31-03-2026,2.38,2.9,3.72
01-04-2026,4.61,0.13,2.8
02-04-2026,6.79,0.76,4.9
03-04-2026,5.33,-0.52,2.29
04-04-2026,5.84,2.72,2.29
05-04-2026,5.96,2.97,3.75
06-04-2026,4.12,4.27,4.72
07-04-2026,4.98,2.04,1.22
08-04-2026,1.39,3.7,4.75
09-04-2026,2.43,4.58,1.36
10-04-2026,4.5,2.3,2.24
11-04-2026,9.19,4.41,4.09
12-04-2026,2.39,0,4.09
13-04-2026,4.4,-0.48,3.45
14-04-2026,2.66,-0.84,0.65
15-04-2026,6.58,2.81,1.06
16-04-2026,7.43,-0.87,1.47
17-04-2026,4.54,2.1,4.65
18-04-2026,7.26,2.57,1.3
19-04-2026,7.8,-1.44,2.03
20-04-2026,9.34,-0.17,3.49
21-04-2026,9.36,-0.01,1.34
22-04-2026,2.72,2.86,0.72
23-04-2026,9.73,2.14,0.97
24-04-2026,9.38,1.48,2.31
25-04-2026,5.98,-1.2,2.98
26-04-2026,9.59,0.26,1.4
27-04-2026,6.63,0.28,1.59
28-04-2026,3.86,-1.72,1.19
29-04-2026,4.62,3.92,3.21
30-04-2026,6.26,2.3,3.74
01-05-2026,9.9,0.38,1.32
02-05-2026,9.91,3.83,1.23
03-05-2026,4.85,-1.05,3.58
04-05-2026,3.64,-1.07,4.13
05-05-2026,2.27,-1.9,3.35
06-05-2026,8.69,4.05,1.07
07-05-2026,8.7,1.84,2.89
08-05-2026,4.68,-0.44,0.8
09-05-2026,3.48,4.73,2.82
10-05-2026,1.95,1.77,3.21
11-05-2026,9.91,0.08,1.25
12-05-2026,4.87,1.91,0.82
13-05-2026,6.92,1.33,0.89
14-05-2026,6.69,0.63,4.54
15-05-2026,3.87,3.24,3.55
16-05-2026,6.69,-0.86,4.47
17-05-2026,2.65,-1.73,1.52
18-05-2026,5.2,3.78,2.65
19-05-2026,5.92,2.34,0.67
20-05-2026,7.06,-1.22,1.09
21-05-2026,5.63,3.95,4.13
22-05-2026,3.19,-0.07,3.13
23-05-2026,7.94,0.14,4.78
24-05-2026,7.57,-0.94,1.82
25-05-2026,1.06,4.36,4.57
26-05-2026,5.67,0.11,2.33
27-05-2026,8.26,-0.41,2.65
28-05-2026,8.86,4.65,2.12
29-05-2026,1.68,1.51,3.77
30-05-2026,7.68,2.92,4.93
31-05-2026,5.99,3.3,0.78
01-06-2026,9.58,3.27,2.38
02-06-2026,8.16,2.89,2.72
03-06-2026,8.39,-0.7,4.72
04-06-2026,7.95,4.26,0.72
05-06-2026,6.55,4.62,0.95
06-06-2026,8.19,-0.07,1.46
07-06-2026,9.36,3.38,1.99
08-06-2026,8.64,-0.35,1.59
09-06-2026,5.32,-0.72,4.71
10-06-2026,4.47,-1.9,1.74
11-06-2026,7.1,-0.11,2.55
12-06-2026,6.26,-0.76,0.97
13-06-2026,8.8,-1.06,1.25
14-06-2026,1.08,2.41,2.3
15-06-2026,5.95,0.77,3.27
16-06-2026,8.33,-1.99,1.15
17-06-2026,2.13,2.56,3.71
18-06-2026,4.28,-0.86,2.91
19-06-2026,4.3,-1.6,4.79
20-06-2026,8.8,0.13,1.19
21-06-2026,5.55,2.77,4.69
22-06-2026,6.75,-0.1,3.75
23-06-2026,5.44,-1.73,1.29
24-06-2026,4.33,3.02,0.98
25-06-2026,4.95,4.38,1.54
26-06-2026,4.64,0.74,2.35
27-06-2026,4.88,0.83,2.05
28-06-2026,4.37,-1.63,2.75
29-06-2026,5.73,3.34,0.65
30-06-2026,3.92,-1.87,4.17
01-07-2026,2.61,3.5,2.4
02-07-2026,2.47,4.08,2.83
03-07-2026,5.91,3.81,3.98
04-07-2026,7.96,1.45,3.5
05-07-2026,2.9,-0.51,4.15
06-07-2026,6.29,1.37,2.93
07-07-2026,6.54,3.14,1.24
08-07-2026,8.19,-0.17,3.93
09-07-2026,2.48,-0.57,2.86
10-07-2026,1.75,0.2,0.69
11-07-2026,2.07,3.44,0.74
12-07-2026,9.26,0.01,1.26
13-07-2026,2.23,4.65,4.91
14-07-2026,8.07,3.68,4.37
15-07-2026,6.43,4.62,1.82
16-07-2026,7.02,4.94,1.18
17-07-2026,4,-0.82,4.28
18-07-2026,1.3,4.1,4.4
19-07-2026,9.6,1,2.29
20-07-2026,4.35,2.35,2.46
21-07-2026,6.39,-1.36,1.51
22-07-2026,4.71,0.42,1.18
23-07-2026,9.34,0.68,2.41
24-07-2026,5.91,4.37,0.66
25-07-2026,4.03,-0.66,1.41
26-07-2026,3.13,3,1.41
27-07-2026,7.13,4.36,3.24
28-07-2026,1.03,3.21,3.13
29-07-2026,6.47,-0.04,2.14
30-07-2026,5.11,-1.31,0.65
31-07-2026,9.31,4.61,4.85
01-08-2026,1.48,2.57,2.36
02-08-2026,2.83,-1.99,1.91
03-08-2026,7.4,-0.67,1.3
04-08-2026,1.24,-1.27,2.39
05-08-2026,7.33,3.19,1.62
06-08-2026,2.62,-0.67,4.5
07-08-2026,7.12,3.67,4.36
08-08-2026,7.73,-0.31,2.46
09-08-2026,7.45,-0.53,3.31
10-08-2026,3.05,4.14,2.42
11-08-2026,7.32,-0.24,2.37
12-08-2026,9.71,4.8,2.7
13-08-2026,1.62,3.84,0.63
14-08-2026,3.5,3.2,1.35
15-08-2026,6.09,-0.92,3.82
16-08-2026,9.63,1.41,1.38
17-08-2026,9.27,1.63,4.85
18-08-2026,4.58,-1.89,1.06
19-08-2026,8.99,-1.46,4.32
20-08-2026,2.99,1.9,1.74
21-08-2026,1.79,1.19,2.94
22-08-2026,7.41,-0.2,2.85
23-08-2026,8.87,2.66,1.12
24-08-2026,5.98,0.96,2.98
25-08-2026,4.87,-0.51,2.98
26-08-2026,8.59,-0.92,4.35
27-08-2026,5.79,0.91,2.89
28-08-2026,8.24,4.84,3.85
29-08-2026,1.21,4.32,3.08
30-08-2026,3.72,1.01,2.48
31-08-2026,1.12,-0.51,1.23
01-09-2026,5.27,-1.01,1.32
02-09-2026,2.61,1.73,4.64
03-09-2026,2.98,0.45,4.34
04-09-2026,3.77,0.75,0.82
05-09-2026,9.88,4.2,4.88
06-09-2026,6.78,3.32,2.68
07-09-2026,7.39,4.6,1.12
08-09-2026,7.34,1.76,4.6
09-09-2026,9.8,4.55,4.67
10-09-2026,7.58,-0.88,0.9
11-09-2026,4.98,2,1.42
12-09-2026,1.2,2.3,2.61
13-09-2026,3.28,4.8,1.67
14-09-2026,9.61,-0.3,2.92
15-09-2026,8.29,1.17,4.76
16-09-2026,5.67,1.49,4.21
17-09-2026,4.27,3.63,3.92
18-09-2026,2.85,0.28,3.93
19-09-2026,7.99,-0.24,4.05
20-09-2026,4.75,2.81,3.02
21-09-2026,6.89,-0.47,2.41
22-09-2026,1.92,2.15,0.92
23-09-2026,3.99,1.87,4.05
24-09-2026,3.85,1.12,0.78
25-09-2026,5.57,4.41,0.6
26-09-2026,4.23,-0.14,4.81
27-09-2026,7.81,0.67,3.34
28-09-2026,3.88,0.93,2.34
29-09-2026,9.84,2.4,1.71
30-09-2026,3.55,2.66,2.59
01-10-2026,6.03,-0.08,1.66
02-10-2026,5.43,1.95,1.45
03-10-2026,9.8,-1.26,3.69
04-10-2026,6.71,2.34,1.38
05-10-2026,4.31,3.88,0.62
06-10-2026,4.59,-0.17,2.35
07-10-2026,1.63,-0.01,2.46
08-10-2026,5.27,4.57,3.13
09-10-2026,9.13,2.68,3.63
10-10-2026,5.01,4.23,4.2
11-10-2026,8.25,2.83,3.96
12-10-2026,5.64,4.64,2.05
13-10-2026,4.41,1,3.47
14-10-2026,9.65,3.11,1.53
15-10-2026,8.1,-0.86,2.08
16-10-2026,6.99,4.99,4.7
17-10-2026,5.97,4.02,1.32
18-10-2026,1.01,-1.86,4.52
19-10-2026,4.93,2.57,1.83
20-10-2026,2.68,0.68,3.29
21-10-2026,1.33,0.37,3.36
22-10-2026,7.05,-1.91,0.98
23-10-2026,4.29,1.84,2.73
24-10-2026,7.48,1.99,3.73
25-10-2026,5.24,-2,3.69
26-10-2026,2.22,2.19,2.71
27-10-2026,6.6,0.28,0.91
28-10-2026,7.29,3.68,1.33
29-10-2026,3.62,3.82,3.96
30-10-2026,3.5,0.15,4.24
31-10-2026,1.62,4.28,4.06
01-11-2026,9.87,4.85,0.61
02-11-2026,5.75,-0.04,1.27
03-11-2026,4.99,2.8,1.88
04-11-2026,1.29,2.28,1.31
05-11-2026,1.98,4.13,4.08
06-11-2026,4.29,-1.77,2.85
07-11-2026,2.22,1.88,4.19
08-11-2026,7.82,-0.18,4.31
09-11-2026,7.32,-1.42,0.8
10-11-2026,7.63,3.31,4.42
11-11-2026,6.58,4.27,4.07
12-11-2026,8.99,-0.53,4.68
13-11-2026,1.13,2.98,3.39
14-11-2026,7.12,-1.51,1.99
15-11-2026,4.78,-1.36,0.61
16-11-2026,7.58,-1.72,3.77
17-11-2026,7.59,-1.92,4.5
18-11-2026,4.18,2.7,2
19-11-2026,6.83,2.61,4.11
20-11-2026,4.42,2.47,3.81
21-11-2026,9.06,4.93,3.11
22-11-2026,1.3,-0.04,4.14
23-11-2026,7.28,0.56,1.9
24-11-2026,9.73,2.2,2.43
25-11-2026,2.33,-1.56,3.15
26-11-2026,1.25,-0.49,3.8
27-11-2026,5.27,4.71,4.82
28-11-2026,9.03,2.11,0.84
29-11-2026,8.48,-1.19,3.38
30-11-2026,2.3,4.46,2.67
01-12-2026,4.86,-1.02,2.89
02-12-2026,5.38,-1.97,1.91
03-12-2026,9.39,-1.86,2.79
04-12-2026,4,-0.76,1
05-12-2026,7.97,1.64,0.81
06-12-2026,7.61,-0.14,2.61
07-12-2026,2.49,-1.51,3.21
08-12-2026,7.89,4.71,1.09
09-12-2026,9.17,3.12,3.63
10-12-2026,5.59,0.1,0.83
11-12-2026,6.11,3.14,2.89
12-12-2026,6.97,4.06,2.62
13-12-2026,2.11,2.5,1.24
14-12-2026,3.91,1.76,3.1
15-12-2026,1.8,2.47,1.28
16-12-2026,5.18,-1.89,1.92
17-12-2026,8.19,4.83,1.21
18-12-2026,3.2,3.51,2.81
19-12-2026,1.39,-1.85,4.34
20-12-2026,5.56,2.15,2.04
21-12-2026,3.18,0.88,1.5
22-12-2026,3.49,4.36,3.1
23-12-2026,5.76,2.12,2.85
24-12-2026,1.04,-1.29,2.15
25-12-2026,4.17,-1.11,0.9
26-12-2026,6.37,-0.38,1.43
27-12-2026,7.18,0.31,4.82
28-12-2026,3.31,0.21,4.22
29-12-2026,5.09,4.67,2.09
30-12-2026,6.21,3.51,1.05
31-12-2026,8.34,4.72,2.63
01-01-2027,7.28,-1.81,1
02-01-2027,3.91,2.68,1.82
03-01-2027,9.05,4.81,4.86
04-01-2027,1.29,1.75,1.18
05-01-2027,3.22,-1.53,2.43
06-01-2027,3.56,0.11,2.36
07-01-2027,3.05,-0.32,1.82
08-01-2027,2.87,-1.56,0.53
09-01-2027,5.87,0.93,4.58
10-01-2027,1.91,1.72,3.71
11-01-2027,8.27,1.61,1.93
12-01-2027,6.02,3.84,1.32
13-01-2027,8.09,4.5,4.93
14-01-2027,9.4,-1.18,0.89
15-01-2027,8.55,3.29,0.61
16-01-2027,7.78,-1.56,0.94
17-01-2027,7.65,1.44,1.15
18-01-2027,3.41,-0.16,2.58
19-01-2027,7.84,4.7,2.6
20-01-2027,5.23,2.12,4.27
21-01-2027,3.29,2.45,2.6
22-01-2027,8.17,0.85,2.58
23-01-2027,4.63,-0.25,4.64
24-01-2027,7.12,2.89,1.48
25-01-2027,8.29,0.14,2.82
26-01-2027,8.39,4.51,1.41
27-01-2027,3.92,3.44,1.74
28-01-2027,6.03,2.29,1.71
29-01-2027,4.6,2.5,4.32
30-01-2027,6.52,2.6,4.99
31-01-2027,2.36,2.21,2.74
01-02-2027,1.86,3.67,3.73
02-02-2027,3.59,3.48,3.37
03-02-2027,3.56,4.31,3.05
04-02-2027,2.22,3.9,1.46
05-02-2027,1.95,4.06,2.69
06-02-2027,3.25,-1.27,2.95
07-02-2027,5.42,0.62,2.39
08-02-2027,8.71,2.63,0.58
09-02-2027,5.57,-1.43,2.74
10-02-2027,8.42,3.53,4.33
11-02-2027,8.18,-1.76,3.04
12-02-2027,6.48,4.77,3.89
13-02-2027,3.26,2.67,3.08
14-02-2027,4.13,1.61,0.62
15-02-2027,3.59,2.98,3.82
16-02-2027,1.91,4.65,3.85
17-02-2027,9.82,3.69,1.21
18-02-2027,5.79,3.14,4.46
19-02-2027,3.92,1.52,1.5
20-02-2027,2.97,4.19,2.77
21-02-2027,2.67,2.75,1.38
22-02-2027,7.08,2.28,1.06
23-02-2027,2.69,-1.4,1.81
24-02-2027,9.31,4.09,1.26
25-02-2027,4.34,3.5,4.88
26-02-2027,4.65,1.57,3.75
27-02-2027,4.73,-0.87,3.31
28-02-2027,3.87,4.52,4.5
01-03-2027,7.94,1.9,2.82
02-03-2027,7.71,-1.83,1.71
03-03-2027,4.79,3.61,2.74
04-03-2027,8.09,4.75,2.93
05-03-2027,5.7,-0.47,4.01
06-03-2027,3.1,4.11,1.08
07-03-2027,4.3,-1.97,0.72
08-03-2027,3.5,3.19,4.75
09-03-2027,4.04,-2,4.73
10-03-2027,5.2,4.27,2.64
11-03-2027,4.44,-0.49,3.76
12-03-2027,4.23,-0.23,2.21
13-03-2027,2.93,2.78,0.79
14-03-2027,6.41,3.35,4.1
15-03-2027,8.71,-0.31,3.83
16-03-2027,8.32,-1.29,0.71
17-03-2027,5.22,3.16,4.78
18-03-2027,3.42,0.81,1.91
19-03-2027,5.92,0.09,4.48
20-03-2027,2.91,4.95,3.07
21-03-2027,2.42,-0.12,2.98
22-03-2027,8.3,0.84,0.73
23-03-2027,8.6,-1.78,2.48
24-03-2027,5.82,3.09,4.31
25-03-2027,3.18,3.83,4.35
26-03-2027,9.26,1.15,3.38
27-03-2027,4.27,0.5,3.77
28-03-2027,7.54,2.48,0.79
29-03-2027,7.56,-1.44,4.93
30-03-2027,5.91,1.74,3.39
31-03-2027,4.73,2.24,2
01-04-2027,3.98,3.44,2.57
02-04-2027,1.38,0.44,1.45
03-04-2027,9.43,2.09,4.92
04-04-2027,1.34,1.67,0.86
05-04-2027,3.16,2.24,1.36
06-04-2027,9.32,0.53,4.02
07-04-2027,3.91,4.61,0.86
08-04-2027,9.14,2.94,0.5
09-04-2027,2.55,4.68,2.08
10-04-2027,7.44,4.93,1.07
11-04-2027,2.71,1.17,4.8
12-04-2027,6.36,0.6,3.7
13-04-2027,6.67,3.33,2.02
14-04-2027,6.12,2.31,1.45
15-04-2027,9.08,0.9,1.64
16-04-2027,9.28,0.11,1.88
17-04-2027,5.4,0.74,4.63
18-04-2027,5.27,4.72,3.72
19-04-2027,9.96,3.6,1.52
20-04-2027,9.03,-0.36,0.97
21-04-2027,7.77,-0.3,3.22
22-04-2027,4.33,-0.52,0.64
23-04-2027,7.39,3.83,2.94
24-04-2027,7.85,1.15,3.36
25-04-2027,9.86,-0.62,1.51
26-04-2027,6.62,-1.04,1.67
27-04-2027,6.3,1.9,4.33
28-04-2027,1.61,4.55,4.11
29-04-2027,2.1,1.81,1.93
30-04-2027,5.6,-1.88,0.51
01-05-2027,4.46,1.74,0.55
02-05-2027,7.45,1.89,3.49
03-05-2027,2.39,3.9,1.69
04-05-2027,7.99,3.68,1.88
05-05-2027,3.14,2.6,4.18
06-05-2027,7.29,1.17,1.13
07-05-2027,7.61,0.38,2.39
08-05-2027,2.4,2.86,3.14
09-05-2027,5.28,0.4,4.96
10-05-2027,5.15,3.64,1.73
11-05-2027,5.31,3.91,4.14
12-05-2027,1.38,3.47,4.04
13-05-2027,9.69,4.75,1.36
14-05-2027,3.78,3.91,3.58
15-05-2027,3.89,0.28,1.21
16-05-2027,2.99,1.18,0.56
17-05-2027,4.08,2.42,1.14
18-05-2027,4.14,1.28,4.36
19-05-2027,9.37,1.57,0.92
20-05-2027,6.21,0.79,1.95
21-05-2027,6.98,3.46,3.59
22-05-2027,5.69,1.2,3.09
23-05-2027,9.58,4.67,1.49
24-05-2027,4.43,2.57,3.27
25-05-2027,8.19,4.94,2.36
26-05-2027,9.48,1.04,4.74
27-05-2027,8.93,0.23,2.49
28-05-2027,1.39,1.04,4.49
29-05-2027,6.16,1.65,1.36
30-05-2027,9.31,-0.07,1.44
31-05-2027,9.81,2.92,4.88
01-06-2027,7.66,0.36,4.73
02-06-2027,2.6,3.1,1.53
03-06-2027,3.29,-0.52,0.83
04-06-2027,8.88,-1.82,1.25
05-06-2027,5.42,4.36,3.89
06-06-2027,2.29,4.73,4.06
07-06-2027,3.73,-1.01,2.66
08-06-2027,3.49,2.79,2.38
09-06-2027,8.62,4.13,4.16
10-06-2027,1.12,4.34,2.1
11-06-2027,8.74,-1.38,3.78
12-06-2027,6.76,3.8,2.8
13-06-2027,8.84,4.88,2.56
14-06-2027,1.27,3.49,3.96
15-06-2027,3.8,-0.66,2.34
16-06-2027,3.42,3.51,4.98
17-06-2027,7.3,-0.73,1.11
18-06-2027,5.05,2.64,3.54
19-06-2027,7.8,1.47,2.26
20-06-2027,2.92,2.85,4.97
21-06-2027,5.87,0.9,4.99
22-06-2027,1.74,2.98,2.38
23-06-2027,4.3,0.02,1.14
24-06-2027,9.84,0.81,3.07
25-06-2027,7.68,-1.31,4.06
26-06-2027,1.12,-0.82,2.33
27-06-2027,5.48,3.82,2.48
28-06-2027,9.91,-1.47,3.17
29-06-2027,3.1,-1.84,4.53
30-06-2027,4.29,3.44,1.04
01-07-2027,6.93,4.7,0.83
02-07-2027,4.76,0.76,1.23
03-07-2027,6.68,2.12,3.31
04-07-2027,5.63,-1.07,2.19
05-07-2027,6.79,4.76,0.52
06-07-2027,9.11,-0.85,2.75
07-07-2027,7.97,4.59,1.68
08-07-2027,6.38,0.33,1.65
09-07-2027,7.56,-0.95,3.21
10-07-2027,9.95,1.32,3.49
11-07-2027,4.03,0.61,4.73
12-07-2027,8.81,3.38,3.93
13-07-2027,3.37,1.81,2.99
14-07-2027,7.86,2.56,1.77
15-07-2027,6.29,4.52,1.02
16-07-2027,4.91,1.85,3.92
17-07-2027,5.14,3.1,0.66
18-07-2027,4.06,2.43,1.79
19-07-2027,4.79,0.11,2.81
20-07-2027,4.77,4.36,1.38
21-07-2027,4.39,3.28,1.38
22-07-2027,4.32,-0.01,1.57
23-07-2027,6.08,-0.02,2.35
24-07-2027,5.06,4.56,4.92
25-07-2027,7.22,-0.29,1.12
26-07-2027,4.35,0.03,1.62
27-07-2027,8.81,4.42,3.21
28-07-2027,6.53,1.53,0.92
29-07-2027,2,0.47,2.44
30-07-2027,2.84,-0.69,2.02
31-07-2027,1.05,4.82,2.2
01-08-2027,8.61,1.59,4.68
02-08-2027,4.35,-0.06,3.81
03-08-2027,6.84,-0.63,1.87
04-08-2027,9.72,4.23,2.75
05-08-2027,7.15,4.35,3.36
06-08-2027,4.09,1.35,4.41
07-08-2027,6.1,-1.85,2.68
08-08-2027,5.16,4.88,2.47
09-08-2027,7.04,-0.64,4.21
10-08-2027,6.4,-0.57,3.41
11-08-2027,4.56,-1.05,2.05
12-08-2027,3.8,-0.97,3.7
13-08-2027,6.13,1.44,0.83
14-08-2027,5.75,-0.08,2.55
15-08-2027,9.04,3.42,4.51
16-08-2027,2.12,-1.42,3.07
17-08-2027,2.85,3.04,3.11
18-08-2027,9.31,-1.61,2.66
19-08-2027,6.42,1.46,1.89
20-08-2027,3.99,-1.32,2.96
21-08-2027,5.99,4.28,1.23
22-08-2027,2.31,0.83,3.08
23-08-2027,4.77,0.05,1.4
24-08-2027,4.34,4.16,2.88
25-08-2027,4.71,3.63,3.42
26-08-2027,2.19,-0.96,1.82
27-08-2027,6.45,1.62,3.48
28-08-2027,2.31,1.28,3.39
29-08-2027,8.76,-0.59,4.42
30-08-2027,6.55,2.1,3.66
31-08-2027,9.44,4.48,1.56
01-09-2027,9.79,-0.36,1.22
02-09-2027,6.52,4,1.04
03-09-2027,5.11,4.77,2.11
04-09-2027,2.44,2.83,4.61
05-09-2027,7.95,4.48,2.12
06-09-2027,8.93,3.09,3.14
07-09-2027,1.77,1.37,1.86
08-09-2027,7.96,0.91,1.03
09-09-2027,8.31,1.61,2.75
10-09-2027,1.99,1.8,2.58
11-09-2027,1.56,-0.28,3.57
12-09-2027,1.09,-0.39,1.45
13-09-2027,7.44,1.67,3.62
14-09-2027,7.14,4.42,1.04
15-09-2027,3.42,2.94,4.32
16-09-2027,8.46,1.45,2.05
17-09-2027,3.88,4.96,3.11
18-09-2027,7.53,2.31,3.22
19-09-2027,6.13,-0.5,1.24
20-09-2027,9.63,2.18,0.86
21-09-2027,9.96,2.77,2.59
22-09-2027,9.46,-1.44,0.85
23-09-2027,6.34,0.25,4.18
24-09-2027,1.89,1.07,3.38
25-09-2027,4.29,0.33,3.81
26-09-2027,5.26,3.39,2.48
27-09-2027,7.36,3.22,1.79
28-09-2027,7.49,4.14,2.91
29-09-2027,9.68,3.18,1.19
30-09-2027,6.36,0.68,0.7
01-10-2027,7.29,4.91,1.94
02-10-2027,8.74,3.84,2.74
03-10-2027,7.18,-0.98,0.62
04-10-2027,1.12,-1.67,3.67
05-10-2027,5.17,4.6,1.05
06-10-2027,9.42,0.42,2.12
07-10-2027,1.38,3.06,3.53
08-10-2027,1.94,4.52,2.77
09-10-2027,6.36,0.18,2.43
10-10-2027,1.28,-0.11,0.95
11-10-2027,1.49,-0.92,1.79
12-10-2027,7.02,2.28,4.13
13-10-2027,1.38,2.29,4.64
14-10-2027,9.25,-1.53,1.78
15-10-2027,7.67,2.13,2.87
16-10-2027,9.53,3.76,0.62
17-10-2027,7.6,4.89,0.79
18-10-2027,7.21,-1.31,3.25
19-10-2027,7.36,-1.37,3.69
20-10-2027,3.36,2.49,1.15
21-10-2027,9.8,3.7,4.29
22-10-2027,1.15,-0.35,2.58
23-10-2027,9.22,-1.97,3.8
24-10-2027,6.6,-0.74,3.06
25-10-2027,1.76,4.09,2.02
26-10-2027,9.15,4.56,3.15
27-10-2027,7.89,2.71,4.41
28-10-2027,4.57,-1.77,1.95
29-10-2027,3.19,2.71,1.62
30-10-2027,8.27,-0.15,4.06
31-10-2027,5.44,-0.36,2.78
01-11-2027,6.29,1.28,4.56
02-11-2027,7.7,2.44,2.23
03-11-2027,3.1,-1.31,2.44
04-11-2027,4.61,3.19,1.43
05-11-2027,1.95,-1.74,1.09
06-11-2027,4.56,1.01,0.57
07-11-2027,6.94,2.53,3.6
08-11-2027,8.03,-1.98,0.58
09-11-2027,3.66,-0.75,1.22
10-11-2027,3.91,4.22,3.78
11-11-2027,6.13,4.43,0.92
12-11-2027,2.91,1.61,2.01
13-11-2027,9.1,0.08,3.86
14-11-2027,3.04,-1.19,3.24
15-11-2027,2.3,3.06,2.48
16-11-2027,5.22,1.68,4.22
17-11-2027,7.55,1.78,1.92
18-11-2027,5.79,-1.7,4.35
19-11-2027,5.39,1.49,0.59
20-11-2027,4.16,2.95,2.15
21-11-2027,5.95,3.49,3.18
22-11-2027,4.74,2.78,4.55
23-11-2027,2.08,4.09,1.67
24-11-2027,2.28,-1.01,1.56
25-11-2027,1.16,-1.85,1.64
26-11-2027,5.84,4.37,3.38
27-11-2027,3.02,4.59,2.52
28-11-2027,8.24,4.15,4.71
29-11-2027,8.15,-0.55,1.72
30-11-2027,1.91,1.2,3.61
01-12-2027,1,2.08,4.16
02-12-2027,9.65,3.09,3.89
03-12-2027,4.24,1.61,3.19
04-12-2027,1.69,1.66,3.24
05-12-2027,4.88,3.82,4.71
06-12-2027,8.95,-0.29,4.05
07-12-2027,6.58,0.68,1.42
08-12-2027,3.35,-1.78,2.66
09-12-2027,8.54,-0.42,3.46
10-12-2027,1.5,-0.41,1.67
11-12-2027,5.35,0.75,1.56
12-12-2027,5.25,0.97,1.61
13-12-2027,1.11,2.35,4.33
14-12-2027,2.92,4.33,3.57
15-12-2027,4.96,0.84,4.31
16-12-2027,8.81,1.96,4.2
17-12-2027,4.55,4.32,1.18
18-12-2027,6.42,2.75,0.95
19-12-2027,1.01,-0.4,4.45
20-12-2027,4.02,-1.09,4.2
21-12-2027,3.65,-1.35,3.63
22-12-2027,2.1,0.53,0.93
23-12-2027,8.5,4.01,2.98
24-12-2027,2.11,-1.68,3.68
25-12-2027,5.21,2.32,2.74
26-12-2027,1.96,3.71,4.46
27-12-2027,4.56,-1.85,4.07
28-12-2027,5.32,3.8,0.94
29-12-2027,7.46,-0.8,1.47
30-12-2027,3.96,2.3,4.5
31-12-2027,2.11,2.03,1.4
01-01-2028,3.53,4.33,0.76
02-01-2028,1.1,-1.56,0.86
03-01-2028,1.28,2.37,1.5
04-01-2028,8.95,3.66,1.02
05-01-2028,2.28,-1.06,0.96
06-01-2028,6.91,2.06,2.95
07-01-2028,4.61,3.96,3.1
08-01-2028,2.65,0.65,2.51
09-01-2028,4.26,3.28,3.02
10-01-2028,4.73,2.47,0.87
11-01-2028,4.19,-0.51,3.16
12-01-2028,3.01,3.92,2.13
13-01-2028,7.57,0.16,2.25
14-01-2028,5.39,3.79,4.06
15-01-2028,8.26,-0.63,0.83
16-01-2028,3.05,2.68,1.58
17-01-2028,7.36,-0.01,0.79
18-01-2028,7.07,1.79,2.43
19-01-2028,7.97,1.73,4.27
20-01-2028,1.55,4.32,0.54
21-01-2028,4.29,1.7,4.38
22-01-2028,6.97,4.01,2.77
23-01-2028,3.02,1.75,2.19
24-01-2028,8.28,1.92,4.26
25-01-2028,7.24,1.59,4
26-01-2028,3.34,2.17,0.82
27-01-2028,2.69,1.83,2.4
28-01-2028,1.99,0.89,3.98
29-01-2028,4.33,3.95,3.17
30-01-2028,3.62,4.35,0.57
31-01-2028,9.5,1.19,1.69
01-02-2028,8.82,0.45,3.01
02-02-2028,6.86,4.66,3.15
03-02-2028,1.21,2.45,1.06
04-02-2028,4.28,4.9,1.06
05-02-2028,3.09,2.52,1.59
06-02-2028,5.23,-0.23,1.78
07-02-2028,2.34,1.9,3.18
08-02-2028,1.69,4.27,1.29
09-02-2028,5.95,2.99,3.26
10-02-2028,5.44,3.9,1.92
11-02-2028,7.81,3.66,3.54
12-02-2028,6.97,0.94,2.53
13-02-2028,1.59,-0.17,4.46
14-02-2028,4.22,-0.87,4.63
15-02-2028,6.12,1.48,3.82
16-02-2028,5.11,2.97,3.85
17-02-2028,2.4,4.14,3.2
18-02-2028,4.01,2.97,4.67
19-02-2028,5.07,3.95,1.35
20-02-2028,7.28,-0.63,4.04
21-02-2028,8.69,1.39,3.29
22-02-2028,6.83,0.25,1.79
23-02-2028,4.98,2.09,2.7
24-02-2028,9.8,-0.37,1.24
25-02-2028,6.59,-1.64,1.53
26-02-2028,6.18,-0.02,1.16
27-02-2028,6.89,3.02,3.69
28-02-2028,2.43,-0.69,4.39
29-02-2028,3.6,0.04,4.47
01-03-2028,5.34,0.84,0.65
02-03-2028,5.16,4.55,1.49
03-03-2028,3.96,-1.14,4.9
04-03-2028,5.98,4.82,3.39
05-03-2028,5.35,0.09,1.91
06-03-2028,1.73,3.64,2.4
07-03-2028,4.02,2.14,2.21
08-03-2028,9.72,0.93,4.86
09-03-2028,9.88,4.84,0.96
10-03-2028,9.76,-0.49,1.35
11-03-2028,8.25,2.2,1.07
12-03-2028,9.77,4.67,4.11
13-03-2028,4.43,0.25,0.95
14-03-2028,6.7,4.65,3.22
15-03-2028,2.09,4.14,1.98
16-03-2028,7.36,1.12,4.77
17-03-2028,4.44,-0.6,2.83
18-03-2028,2.53,3.63,4.85
19-03-2028,4.82,-0.33,3.75
20-03-2028,2.05,1.01,3.72
21-03-2028,4.65,4.96,4.13
22-03-2028,3.99,-0.29,0.85
23-03-2028,1.18,-1.83,3.56
24-03-2028,2.18,2.71,0.75
25-03-2028,3.9,-0.67,3.09
26-03-2028,3.93,-1.48,2.86
27-03-2028,9.82,1.14,4.5
28-03-2028,4.91,3.01,4.66
29-03-2028,5.56,4.4,1.04
30-03-2028,8.82,4.14,4.99
31-03-2028,7.33,2.84,0.98
01-04-2028,4.87,-0.82,3.75
02-04-2028,9.48,0.32,4.78
03-04-2028,6.77,1.01,5
04-04-2028,5.61,-1.94,2.79
05-04-2028,6.43,3.72,2.79
06-04-2028,2.3,4.04,3.15
07-04-2028,7.52,0.35,2.42
08-04-2028,9.95,-0.31,2.24
09-04-2028,7.47,1.81,2.25
10-04-2028,6.96,4.25,0.89
11-04-2028,2.92,-0.55,3.88
12-04-2028,6.08,-1.86,0.83
13-04-2028,9.8,1.69,4.62
14-04-2028,2.29,-0.55,2.56
15-04-2028,6.48,-0.03,4.61
16-04-2028,1.89,3.06,1.63
17-04-2028,6.17,4.4,3.5
18-04-2028,3.79,4.53,4.76
19-04-2028,2.7,-1.68,4.32
20-04-2028,7.72,1.74,0.69
21-04-2028,2.47,-1.01,4.64
22-04-2028,4.4,-0.44,0.57
23-04-2028,4.82,0.89,4.07
24-04-2028,7.91,2.78,2.71
25-04-2028,9.88,-0.64,2.21
26-04-2028,2.47,2.91,2.87
27-04-2028,7.41,4.14,1.88
28-04-2028,7.16,4.94,1.87
29-04-2028,5.25,-1.18,2.73
30-04-2028,9,-0.78,3.5
01-05-2028,1.35,1.52,4.82
02-05-2028,2.49,4.62,4.65
03-05-2028,3.44,-0.52,3.77
04-05-2028,5.41,-0.67,4.29
05-05-2028,9.05,-0.99,3.14
06-05-2028,6.11,3.45,3.4
07-05-2028,1.08,0.04,0.99
08-05-2028,3.8,3.11,2.07
09-05-2028,1.69,3.36,4.42
10-05-2028,7.03,-0.71,3.54
11-05-2028,9.84,3.01,4.45
12-05-2028,2.86,2.5,1.04
13-05-2028,3.16,4.52,3.66
14-05-2028,6.89,3.96,0.63
15-05-2028,2.59,4.98,3.18
16-05-2028,8.74,-1.17,1.48
17-05-2028,8.61,1.87,2.55
18-05-2028,1.2,0.33,1.05
19-05-2028,5.05,2.88,3.41
20-05-2028,5.05,2.95,4.03
21-05-2028,1.95,0.94,4.75
22-05-2028,4.99,-0.04,2.55
23-05-2028,8.81,-1.92,1.86
24-05-2028,5.03,4.39,3.65
25-05-2028,7.13,-1.42,0.58
26-05-2028,9.73,-0.17,3.5
27-05-2028,5.4,0.72,1.37
28-05-2028,8.34,-0.24,2.78
29-05-2028,3.81,-1.05,1.92
30-05-2028,1.6,4.91,3.06
31-05-2028,5.21,2.05,4.04
01-06-2028,5.69,2.44,0.85
02-06-2028,1.12,1.34,3.33
03-06-2028,3.66,3.43,4.18
04-06-2028,1.92,-1.03,2.29
05-06-2028,3.56,0.24,1.69
06-06-2028,8.4,2.24,0.57
07-06-2028,6.4,-1.82,1.03
08-06-2028,9.46,0.23,1.46
09-06-2028,9.3,4.16,3.73
10-06-2028,9.68,-1.37,1.7
11-06-2028,2.03,0.96,4.43
12-06-2028,9.58,3.13,3.68
13-06-2028,2.18,3.43,1.9
14-06-2028,7.43,3.87,2.54
15-06-2028,3.17,3.08,2.7
16-06-2028,4.57,0.37,3.07
17-06-2028,7.07,-1.94,0.81
18-06-2028,7.41,3.24,2.93
19-06-2028,4,4.54,1.59
20-06-2028,9.66,-0.84,4.36
21-06-2028,1.34,3.31,2.49
22-06-2028,5.06,-1.57,4.48
