Date,Stock Price,Portfolio Allocation (%),Currency Exchange Rate,Value at Risk (VaR)
01-01-2023,118.06,16.3,0.7967,18105.47
02-01-2023,442.31,32.78,1.1483,17190.39
03-01-2023,190.8,81.45,1.1305,10975.72
04-01-2023,85.08,88.76,1.1485,28745.66
05-01-2023,166.04,78.48,0.7717,6244.3
06-01-2023,391.1,74.18,0.9545,1286.6
07-01-2023,121.2,88.1,1.1097,7673.93
08-01-2023,290.51,12.67,1.0062,48705.68
09-01-2023,364.3,56.13,1.2485,30900.99
10-01-2023,163.87,47.42,0.6345,47760.84
11-01-2023,260.98,86.91,0.8793,13625.22
12-01-2023,347.69,74.71,1.3217,5300.87
13-01-2023,398.15,27.81,0.9612,26093.02
14-01-2023,217.01,50.12,0.5436,37819.49
15-01-2023,242.92,59.48,1.0479,47670.28
16-01-2023,112.82,32.1,1.1173,7304.1
17-01-2023,405.98,49.38,0.5806,21347.49
18-01-2023,253.13,65.97,1.0261,38239.05
19-01-2023,355.35,29.58,0.9924,48229.24
20-01-2023,265.39,75.25,0.6433,13377.03
21-01-2023,342.84,27.1,0.9441,47875.33
22-01-2023,104.97,25.16,1.0397,15699.71
23-01-2023,386.49,34.04,1.2536,1988.75
24-01-2023,124.71,76.56,1.1123,18164.77
25-01-2023,387.98,20.71,1.187,42745.84
26-01-2023,388.71,53.32,1.1526,1203.34
27-01-2023,149.78,72.36,0.6878,17907.73
28-01-2023,472.56,74.62,0.6142,30417.42
29-01-2023,308.39,84.34,1.004,13631.21
30-01-2023,349.68,21.27,0.7223,49661.86
31-01-2023,333.54,74.76,0.7428,33675.54
01-02-2023,455.61,89.83,0.8985,18550.93
02-02-2023,336.65,11.7,0.8711,48532.32
03-02-2023,197.19,54.96,1.3966,45038.11
04-02-2023,499.7,27.66,0.8723,1307.61
05-02-2023,254.64,45.59,1.4793,1576.27
06-02-2023,204.5,12.64,1.0793,12132.16
07-02-2023,195.3,39.75,0.8484,21647.97
08-02-2023,131.18,48.84,0.5794,42494.12
09-02-2023,203.44,50.46,1.3879,1035.83
10-02-2023,352.07,61.86,0.6257,23379.43
11-02-2023,323.01,43.67,1.2821,30709.38
12-02-2023,59.73,79.36,0.9259,31897.3
13-02-2023,150.58,74.08,0.9446,2515.21
14-02-2023,146.47,24.85,0.8318,2133.9
15-02-2023,285.57,26.44,1.4306,18646.75
16-02-2023,463.32,23.64,0.7788,40693.09
17-02-2023,303.39,67.35,0.6596,13821.39
18-02-2023,84.8,84.12,1.4451,3656.71
19-02-2023,131.99,79.49,0.9868,48600.09
20-02-2023,189.51,33.28,1.425,19056.87
21-02-2023,371.55,69.54,0.9033,17052.07
22-02-2023,477.28,27.53,1.4105,43784.08
23-02-2023,267.33,62.91,1.1914,8820.68
24-02-2023,260.98,34.87,1.169,12544.21
25-02-2023,256.16,70.85,0.7762,42422.53
26-02-2023,67.05,45.09,1.0423,25047.44
27-02-2023,275.95,21.85,0.5933,1994.87
28-02-2023,77.91,82.73,0.5553,7061.67
01-03-2023,410.5,58.89,0.9412,1522.82
02-03-2023,69.66,49.8,1.4752,49793.84
03-03-2023,84.1,65.75,1.1198,24404.06
04-03-2023,239.66,34.34,1.3191,14589.39
05-03-2023,353.6,36.69,0.8868,30088.08
06-03-2023,82.51,80.64,0.5801,24120.43
07-03-2023,90.35,77.21,0.6938,41716.26
08-03-2023,234.91,17.88,1.3834,49423.73
09-03-2023,356.78,65.78,0.6135,15089.93
10-03-2023,196.23,46.96,1.3485,1669.59
11-03-2023,299.77,64.78,1.1597,4551.38
12-03-2023,384.86,17.47,1.2226,13637.47
13-03-2023,165.23,18.73,0.5465,12828.2
14-03-2023,132.14,21.5,1.2623,27324.47
15-03-2023,84.75,21.21,1.118,18648.85
16-03-2023,189.66,69.75,1.1824,38303.71
17-03-2023,351.49,13.48,0.9934,38544.86
18-03-2023,139.09,24.12,1.443,37142.14
19-03-2023,198.1,75.49,0.6089,49718.53
20-03-2023,188.22,54.5,1.1771,10965.2
21-03-2023,115.85,50.88,0.5087,32840.09
22-03-2023,279.08,46.53,1.024,16394.46
23-03-2023,153.88,68.14,0.5889,3610.4
24-03-2023,413.38,86.91,0.9182,26137.31
25-03-2023,240.02,15.14,0.5753,13663.18
26-03-2023,86.36,28.95,0.8431,11118.14
27-03-2023,306.84,75.89,0.5395,5111.58
28-03-2023,188.69,42.5,0.6726,9450.19
29-03-2023,272.27,43.52,1.4851,37495.14
30-03-2023,255.57,40.07,1.3886,2325.45
31-03-2023,74.23,16.72,1.383,37018.72
01-04-2023,302.19,41.23,1.415,25070.31
02-04-2023,243.46,16.9,1.0529,38953.31
03-04-2023,315.04,55.88,0.6453,10838.6
04-04-2023,240.37,61.73,1.2647,49494.97
05-04-2023,185.71,68.54,1.2566,6743.79
06-04-2023,365.08,66.7,0.7977,8587.59
07-04-2023,496.04,40.22,0.6005,12173.14
08-04-2023,230.54,40.14,0.5205,37440.71
09-04-2023,361.1,34.15,1.1282,49748.31
10-04-2023,388.13,36.88,0.8834,22157.16
11-04-2023,103.21,18.86,0.8058,18438.43
12-04-2023,85.73,14.8,1.344,40952.68
13-04-2023,326.73,10.24,0.8112,21923.71
14-04-2023,151.68,41.85,0.8532,31985.7
15-04-2023,314.85,45.13,0.814,28104.04
16-04-2023,349.35,53.35,1.0986,23294.48
17-04-2023,179.39,25.66,0.5618,18754.16
18-04-2023,404.35,16.25,0.9381,21685.2
19-04-2023,474.97,79.53,0.8062,30034.04
20-04-2023,335.53,60.54,0.9744,33170.41
21-04-2023,409.54,45.23,0.9067,39859.29
22-04-2023,461.45,89.63,1.2764,21489.77
23-04-2023,499.08,63.69,1.0623,1550.29
24-04-2023,490.43,79.25,1.447,41283.53
25-04-2023,363.12,57.51,1.0998,4878.98
26-04-2023,394.32,23.59,0.9415,23807.14
27-04-2023,187.63,44.75,0.6427,28438.14
28-04-2023,54.73,88.87,0.8218,12808.24
29-04-2023,436.99,83.04,1.4519,43279.68
30-04-2023,273.69,42.97,1.0639,27099.5
01-05-2023,206.99,33.54,0.8866,16678.38
02-05-2023,331.35,61.31,1.1725,20890.33
03-05-2023,448.27,64.48,0.7661,25799.26
04-05-2023,333.58,42.61,0.9951,33929.72
05-05-2023,440.09,45.23,1.3549,25717.17
06-05-2023,223.54,46.32,0.9599,44365.19
07-05-2023,233.44,20.73,0.7633,31967.44
08-05-2023,96.52,87.91,1.1787,39812.28
09-05-2023,222.15,58.08,1.256,11499.36
10-05-2023,492.33,36.03,1.4045,35917.36
11-05-2023,366.36,86.99,0.5652,22337.07
12-05-2023,385.32,88.44,1.0973,22755.61
13-05-2023,454.08,20.91,1.078,7982.42
14-05-2023,335.54,75,0.5522,7892.82
15-05-2023,171.59,89.32,1.2562,43647.6
16-05-2023,286.11,55.79,0.5519,3097.12
17-05-2023,301.57,14.8,1.0167,32912.15
18-05-2023,71.52,14.73,1.044,38569.27
19-05-2023,175.86,35.34,1.3502,29179.54
20-05-2023,487.95,47.21,1.1057,45254.7
21-05-2023,182.15,27.77,1.4205,30460.07
22-05-2023,95.58,14.12,1.2924,37175.58
23-05-2023,185.61,41.53,0.7119,18885.34
24-05-2023,124.19,54.54,1.4821,8170.94
25-05-2023,333.33,48.39,0.7104,34269.91
26-05-2023,278.51,84.83,1.4476,31976.77
27-05-2023,476.46,85.91,1.1441,27605.03
28-05-2023,59.59,51.35,1.232,12729.45
29-05-2023,416.23,75.09,0.5743,16228.5
30-05-2023,326.79,78.62,1.148,10605.56
31-05-2023,97,82.87,1.0504,11620.17
01-06-2023,156.64,30.16,0.5081,31813.1
02-06-2023,52.4,14.24,0.8388,37320.33
03-06-2023,336.07,25.06,1.2171,45387.86
04-06-2023,373.41,30.47,1.3259,29462.58
05-06-2023,72.71,30.87,0.6913,10184.21
06-06-2023,475.89,80.46,0.8513,36105.4
07-06-2023,66.15,21.7,0.5832,28316.72
08-06-2023,315.84,57.42,0.6081,30738.68
09-06-2023,236.62,32.69,0.6471,42773.57
10-06-2023,251.44,67.73,0.509,16529.66
11-06-2023,108.95,19.03,0.874,23430.47
12-06-2023,383.32,40.56,0.7614,3468.68
13-06-2023,315.81,42.95,1.0849,11716.8
14-06-2023,261.78,38.32,0.7025,4979.22
15-06-2023,61.31,24.07,1.1085,6912.65
16-06-2023,337.09,89.71,0.6391,40226.33
17-06-2023,353.1,32.15,1.3558,48765.58
18-06-2023,422.51,32.72,1.4188,12634.89
19-06-2023,285.61,61.39,0.5533,20954.43
20-06-2023,459.49,65.55,0.9857,22105.28
21-06-2023,115.8,67.52,1.3251,42604.8
22-06-2023,88.78,65.63,1.1635,16993.29
23-06-2023,225.54,82.85,0.5443,44175.03
24-06-2023,380.2,15.99,0.6742,44472.52
25-06-2023,303.08,88.94,1.1506,1562.32
26-06-2023,334.47,81.7,1.0318,31092.07
27-06-2023,223.47,35.33,1.3065,27677.64
28-06-2023,495.47,64.98,1.3822,19526.91
29-06-2023,384.02,25.74,0.5202,9373.2
30-06-2023,474.05,20.34,1.4126,39582.62
01-07-2023,378.43,60.84,0.9624,30659.42
02-07-2023,188.21,41.13,1.1654,4237.98
03-07-2023,167.26,31.09,1.2988,28973.35
04-07-2023,249.82,81.89,1.3842,10429.32
05-07-2023,57.47,68.55,0.5264,20858.21
06-07-2023,406.13,32.39,1.2888,13276.89
07-07-2023,100.35,62.17,1.0792,38838.02
08-07-2023,178.91,57.81,1.154,23775.75
09-07-2023,365.96,53.72,1.3168,14861.09
10-07-2023,77.9,18.83,1.2372,4338.45
11-07-2023,496.69,51.65,0.6794,45648.12
12-07-2023,297.61,64.02,1.0987,44390.79
13-07-2023,411.91,19.83,0.8339,12093.93
14-07-2023,347.93,42.21,0.9355,22058.68
15-07-2023,122.91,38.97,1.0932,18576.07
16-07-2023,368.82,71,0.983,41415.01
17-07-2023,190.81,69.06,1.1636,2079.34
18-07-2023,284.37,79.84,1.3578,22945.06
19-07-2023,267.07,75.08,1.2851,16900.94
20-07-2023,140.48,20.78,1.2214,1677.43
21-07-2023,365.92,26.8,0.6607,31970.48
22-07-2023,121.92,85.72,0.7785,41367.59
23-07-2023,410.9,81.09,0.5957,20376.69
24-07-2023,107.72,73.64,0.9023,23726.27
25-07-2023,86.34,58.37,1.1673,13684.15
26-07-2023,115.37,63.65,0.9266,9425.51
27-07-2023,241.87,36.88,0.9876,4130.9
28-07-2023,258.98,30.46,0.9599,39637.33
29-07-2023,88.32,52.8,1.1872,31711.96
30-07-2023,263.92,36.09,1.4091,48284.21
31-07-2023,60.53,56.59,1.146,19356.97
01-08-2023,196.37,41.97,1.1874,13434.07
02-08-2023,402.09,62.88,1.0879,18383.84
03-08-2023,497.73,74.95,1.3492,4760.49
04-08-2023,73.91,14.56,1.2463,49487.51
05-08-2023,424.48,78.52,1.1552,46005.25
06-08-2023,173.08,88.69,1.0347,42220.52
07-08-2023,448.8,45.92,1.419,20723.18
08-08-2023,335.3,40.8,0.6543,46672.45
09-08-2023,78.59,49.91,0.8478,34107.74
10-08-2023,388.11,22.92,1.2286,43998.6
11-08-2023,55.46,81.9,1.3461,18666.89
12-08-2023,436.61,10.04,0.5748,22920.78
13-08-2023,186.49,66.5,0.5525,34580.55
14-08-2023,87.26,17.5,0.8677,12042.62
15-08-2023,498.31,78.41,1.2112,42011.69
16-08-2023,152.66,30.9,1.4507,6087.68
17-08-2023,409.6,82.43,0.6369,19612.93
18-08-2023,120.19,24.52,1.0821,21280.77
19-08-2023,400.18,85.98,0.8802,28609.17
20-08-2023,425.63,63.5,1.1725,9697.32
21-08-2023,302.69,88.93,0.9414,25503.23
22-08-2023,115.34,34.81,0.7821,34421.31
23-08-2023,391.95,12.56,0.6033,5885.3
24-08-2023,266.18,72.21,1.2475,4697.97
25-08-2023,268.83,49.34,0.7849,47719.3
26-08-2023,267.59,12.3,0.9125,32418.16
27-08-2023,444.53,29.27,0.8583,24978.46
28-08-2023,436.3,60.34,0.7673,32621.7
29-08-2023,373.74,49.3,0.8829,3783.21
30-08-2023,139.32,72.51,1.2762,42018.65
31-08-2023,288.47,61.84,1.4491,34384.6
01-09-2023,485.75,31.81,1.2916,24453.9
02-09-2023,318.38,55.52,1.4297,38837.44
03-09-2023,173.48,67.01,1.2268,19618.85
04-09-2023,243.66,78.06,1.3816,16232.78
05-09-2023,252.81,80.36,0.7329,35379.22
06-09-2023,123.38,13.36,1.477,17471.92
07-09-2023,243.81,82.88,0.5551,14832.82
08-09-2023,91.06,14.4,0.7128,28599.18
09-09-2023,479.96,48.39,1.1638,12763.64
10-09-2023,124.9,69.2,1.2857,39102.82
11-09-2023,262.06,42.47,1.2056,1019.78
12-09-2023,342.4,39.85,0.8859,19898.33
13-09-2023,90.73,15.04,0.7636,41875.25
14-09-2023,428.19,52.98,1.1125,5349.16
15-09-2023,321.01,35.6,1.0782,13157.35
16-09-2023,393.39,34.42,0.8272,40253.46
17-09-2023,106.64,49.69,0.8408,24929.18
18-09-2023,298.99,78.23,0.7882,43316.63
19-09-2023,162.07,11.35,0.5685,47898.86
20-09-2023,420.56,71.85,1.4625,12500.75
21-09-2023,100.82,44.18,0.5719,12841.85
22-09-2023,415.91,57.58,0.6813,32812.94
23-09-2023,141.36,20.34,0.9762,29670.53
24-09-2023,188.06,86.85,0.8062,41096.32
25-09-2023,243.46,71.76,1.2427,12400.1
26-09-2023,60.45,47.32,1.2804,20958.2
27-09-2023,405.52,52.43,1.1115,35412.94
28-09-2023,375.12,50.51,1.4745,1558.91
29-09-2023,67.33,61.22,1.351,30485.41
30-09-2023,488.49,43.94,0.8083,34870.32
01-10-2023,499.38,57.65,1.288,35263.69
02-10-2023,226.02,51.89,0.8544,41024.6
03-10-2023,412.29,13.35,1.3174,17919.74
04-10-2023,430.19,55.5,1.2511,20898.08
05-10-2023,406.37,83.88,1.0193,10339.86
06-10-2023,147.76,80.46,0.9438,19052.02
07-10-2023,497.98,22.05,1.3513,2881.56
08-10-2023,251.43,40.25,0.9688,3753.5
09-10-2023,473.21,17.8,0.976,47521.02
10-10-2023,124.96,14.34,0.9826,33827.57
11-10-2023,385.04,46.72,1.0338,33802.44
12-10-2023,71.58,16.64,0.831,23390.23
13-10-2023,370.63,31.75,1.0305,45231.43
14-10-2023,364.04,10.62,1.064,7184.62
15-10-2023,251.6,70.03,0.5952,10093.25
16-10-2023,411.78,46.12,0.9228,49005.36
17-10-2023,409.51,74.69,1.1651,10174.98
18-10-2023,360.4,72.89,0.7429,19978.35
19-10-2023,106.46,10.54,0.5208,4935.74
20-10-2023,386.14,23.3,0.5214,25900.22
21-10-2023,255.07,30.11,1.2605,5818.57
22-10-2023,304.92,28.31,0.6598,23623.62
23-10-2023,352.35,32.72,0.6901,21281.6
24-10-2023,352.6,53.18,1.2428,45384.06
25-10-2023,108.3,31.59,0.8709,42720.23
26-10-2023,421.35,17.21,0.6586,37798.84
27-10-2023,74.41,62.77,1.0088,45122.08
28-10-2023,131.27,71.56,0.9362,14769.26
29-10-2023,415.56,78.04,1.3555,36078.89
30-10-2023,236.32,41.35,1.3076,30714.74
31-10-2023,444.21,35.11,0.602,31867.49
01-11-2023,112.65,50.16,1.0907,31455.8
02-11-2023,261.22,62.43,1.1835,17605.89
03-11-2023,360.21,89.94,0.7003,25934.92
04-11-2023,499.11,12.99,0.9086,6959.09
05-11-2023,282.37,41.29,0.6633,41883.06
06-11-2023,466.96,67.83,0.6926,39552.93
07-11-2023,413.75,74.45,0.9662,46461.51
08-11-2023,65.84,65.82,0.7506,42167.57
09-11-2023,79.56,86.66,1.3756,26664.99
10-11-2023,204.5,65.77,1.3445,21501.6
11-11-2023,325.12,23.37,0.6662,16736.8
12-11-2023,445.11,33.17,0.7318,15532.6
13-11-2023,357.84,26.71,0.6413,33148.9
14-11-2023,304.06,36.37,1.1094,5132.87
15-11-2023,415.75,61.08,0.9296,24023.45
16-11-2023,342.41,21.16,1.2904,39516.58
17-11-2023,348.8,61.65,1.0129,32822.97
18-11-2023,94.21,53.89,1.2756,27658.3
19-11-2023,230.84,41.94,0.6314,37110.3
20-11-2023,445.03,84.03,0.7835,27927.99
21-11-2023,327.48,65.74,1.3205,45820.31
22-11-2023,313.64,61.95,0.7918,36264.6
23-11-2023,133.7,56.33,0.5641,27248.22
24-11-2023,127.41,64.22,0.9947,43414.79
25-11-2023,340.36,85.93,1.4344,38184.3
26-11-2023,425.41,68.01,0.6633,36033.18
27-11-2023,208.75,14.47,0.9095,12366.38
28-11-2023,376.02,59.14,0.8976,34282.09
29-11-2023,359.45,75.18,0.926,37834.35
30-11-2023,483.39,58.57,0.8801,29867.55
01-12-2023,192.26,51.13,0.8431,20127.11
02-12-2023,118.19,55.61,0.8548,38404.46
03-12-2023,182.31,25.95,1.3995,17989.78
04-12-2023,472.33,30.68,0.695,19021.57
05-12-2023,183.78,80,0.6754,29869.34
06-12-2023,304.71,24.47,0.7435,24707.9
07-12-2023,112.49,34.36,1.3819,33478.21
08-12-2023,155.13,20.34,1.146,6309.51
09-12-2023,320.52,21.45,0.5682,12507.39
10-12-2023,296.42,22.76,1.1839,5753.23
11-12-2023,371.54,34.72,0.938,42969.35
12-12-2023,259.95,55.32,1.3598,5535.14
13-12-2023,185.46,49.54,0.6847,40905.62
14-12-2023,356.03,61.09,1.2955,25037.16
15-12-2023,330.15,87.42,0.8382,36099.36
16-12-2023,105.22,78.26,0.8262,30346
17-12-2023,65.76,76.38,1.2822,19877.72
18-12-2023,336.35,45.51,1.3386,16788
19-12-2023,399.19,20.45,1.4832,22230.03
20-12-2023,252.87,22.01,0.7303,47621.17
21-12-2023,394.74,55.55,1.1252,48344.73
22-12-2023,334.03,49.51,1.0989,24885.25
23-12-2023,407.09,29.37,1.0513,12142.12
24-12-2023,359.96,63.02,1.0688,18926.76
25-12-2023,61.93,72.94,0.9263,23686.5
26-12-2023,329.15,71.52,0.5809,19071.85
27-12-2023,194.52,40.86,0.8362,6151.81
28-12-2023,293.59,26.89,1.2457,49817.47
29-12-2023,446.78,87.03,1.2959,36096.06
30-12-2023,192.46,60.48,0.5668,2164.66
31-12-2023,339.62,76.3,1.0713,31259.54
01-01-2024,267.2,86.69,0.5225,25534.53
02-01-2024,262.36,67.57,1.4855,17971.97
03-01-2024,255.78,13.23,0.7568,7436.54
04-01-2024,270.86,75.49,1.2346,5467.59
05-01-2024,308.6,38.1,1.2559,39818.33
06-01-2024,226,49.08,0.9205,10263.09
07-01-2024,134.89,15.16,1.4715,4385.63
08-01-2024,141.33,67.67,1.1478,19344.61
09-01-2024,476.18,32.37,0.5764,14375.34
10-01-2024,200.08,34.56,0.5775,36219.34
11-01-2024,235.52,86.34,0.967,37784.26
12-01-2024,394.38,87.06,1.2372,19862.14
13-01-2024,396.95,53.72,0.9131,35522.41
14-01-2024,207.07,16.48,1.0838,10700.75
15-01-2024,219.36,82.38,1.2374,26310.36
16-01-2024,464.26,12.76,1.256,9899.05
17-01-2024,217.1,41.03,1.0068,10234.24
18-01-2024,273.79,17.38,0.5921,47136.28
19-01-2024,229.39,11.04,0.6185,13014.39
20-01-2024,67.12,64.69,0.7212,42736.51
21-01-2024,193.56,12.63,1.4604,31290.52
22-01-2024,273.94,54.59,1.1313,21115.71
23-01-2024,165.02,81.13,1.2785,47401.68
24-01-2024,288.22,69.28,0.954,40754.31
25-01-2024,340.91,81.58,0.521,27413.17
26-01-2024,50.85,16.22,1.2324,19893.96
27-01-2024,376.35,66.12,0.7561,47245.81
28-01-2024,498.85,14.85,1.0262,44169.26
29-01-2024,447.7,31.85,1.0852,31812.03
30-01-2024,484,31.45,0.7851,26967.73
31-01-2024,83.11,22.57,0.7281,20960.11
01-02-2024,324.81,21.08,0.5978,10670.58
02-02-2024,365.42,39.8,1.2621,20490.38
03-02-2024,117.16,89.81,1.2153,10794.69
04-02-2024,348.5,22.5,1.0296,42972.18
05-02-2024,302.88,65.88,1.2326,32755.64
06-02-2024,433.19,34.82,0.8076,25203.93
07-02-2024,205.73,34.92,1.0507,47516.77
08-02-2024,239.88,31.31,1.438,26689.66
09-02-2024,350.33,73.67,0.9794,49154.81
10-02-2024,474.83,10.53,0.7395,25567.87
11-02-2024,204.36,63.44,1.2025,22380.1
12-02-2024,475.16,53.45,1.0096,23497.1
13-02-2024,165.69,73.93,0.795,12135.18
14-02-2024,438.01,55.72,0.5469,31127.07
15-02-2024,229.43,11.96,1.0158,33630.74
16-02-2024,222.56,32.39,1.1402,15315.06
17-02-2024,436.75,57.57,0.7581,18611.45
18-02-2024,459.27,65.52,1.4998,7098.59
19-02-2024,188.41,75.49,1.374,43451.33
20-02-2024,67.38,56.44,1.3028,3627.07
21-02-2024,166.15,54.59,1.3218,38947.03
22-02-2024,253.3,85.19,1.0633,3214.39
23-02-2024,354.3,65.61,1.2267,46428.65
24-02-2024,274.75,79.68,0.5888,12539.83
25-02-2024,402.8,15.75,1.1114,8985.18
26-02-2024,243.38,56.89,0.6301,29820.92
27-02-2024,408.92,63.14,1.1564,14519.54
28-02-2024,406.72,69.66,0.6944,27461.61
29-02-2024,97.19,75.27,1.4547,10607.89
01-03-2024,175.94,71.11,0.7003,14560.95
02-03-2024,215.66,81.92,1.3718,46945.39
03-03-2024,230.27,44.97,1.4507,20612.05
04-03-2024,355.14,55.71,1.0924,28460.48
05-03-2024,84.36,71.79,1.0768,32519.53
06-03-2024,129.6,34.02,0.9705,22150.08
07-03-2024,365.97,64.58,0.7675,12452.38
08-03-2024,361.06,24.53,1.325,1483.49
09-03-2024,382.58,63.14,1.482,22004.82
10-03-2024,370.8,88.58,0.8424,1466.58
11-03-2024,209.8,59.01,1.1263,13045.8
12-03-2024,223.5,45.3,1.3851,2099.51
13-03-2024,65.8,60.27,0.8393,6621.02
14-03-2024,71.58,66.2,0.9281,32309.4
15-03-2024,64.62,73.99,0.7929,9057.23
16-03-2024,151.8,70.97,1.4475,44936.66
17-03-2024,252.9,87.64,0.9488,9710.5
18-03-2024,176.43,57.36,0.5095,4582.3
19-03-2024,488.77,83.87,0.9843,2820.97
20-03-2024,138.22,56.14,1.0132,7879.51
21-03-2024,176.69,80.76,0.9988,11253.94
22-03-2024,210.32,69.16,1.3916,47982.65
23-03-2024,435.45,43.63,1.4799,16508.45
24-03-2024,297.02,45.93,0.7679,45318.03
25-03-2024,109.71,48.41,1.3008,48014.26
26-03-2024,228.1,69.76,0.7733,1083.24
27-03-2024,213.26,40.33,0.5476,37621.67
28-03-2024,220.17,42.06,1.1097,12097.61
29-03-2024,410.09,66.62,1.1377,41971.9
30-03-2024,150.66,66.65,0.7582,17230.02
31-03-2024,294.08,42.94,0.8494,10963.48
01-04-2024,476.44,80.26,1.2336,25442.14
02-04-2024,434.23,21.57,0.6293,21694.83
03-04-2024,234.59,28.16,0.6499,33541.92
04-04-2024,78.96,41.52,1.3867,23618.19
05-04-2024,66.48,21.7,0.5903,32177.33
06-04-2024,113.95,49.85,0.7761,4485.84
07-04-2024,337.71,18.46,0.9382,48793.69
08-04-2024,384.48,31.13,1.0901,34222.41
09-04-2024,268.33,71.14,1.2739,33358.84
10-04-2024,201.19,77.52,0.9043,24570.22
11-04-2024,94.63,40.33,1.4185,13896.79
12-04-2024,261.87,59.96,1.2258,48365.76
13-04-2024,405.65,50.06,0.9665,40641.01
14-04-2024,102.02,89.27,1.1465,10161.24
15-04-2024,234.54,30,1.1779,30651.86
16-04-2024,419.94,60.05,1.1579,18747.2
17-04-2024,206.64,54.84,1.1653,27440.25
18-04-2024,353.12,49.95,0.8055,42710.93
19-04-2024,356.5,70.98,0.8833,22307.55
20-04-2024,129.42,45.61,0.5333,3285.15
21-04-2024,145.82,37.92,0.5023,46638.33
22-04-2024,66.23,39.26,0.6088,41243
23-04-2024,69.49,87.38,0.5218,44338.47
24-04-2024,438.98,43.27,0.6261,42566.53
25-04-2024,302.66,14.04,0.5757,32810.35
26-04-2024,258.7,49.21,1.1602,14837.75
27-04-2024,80.3,86.28,0.9885,45343.87
28-04-2024,306.93,61.43,0.7165,37821.96
29-04-2024,229.36,51.74,1.3818,12200.2
30-04-2024,64.13,40.63,1.1344,6251.94
01-05-2024,125.07,13.17,0.9542,6136.43
02-05-2024,340.52,87.75,0.9791,40590.02
03-05-2024,151.21,68.07,0.8241,39122.05
04-05-2024,354.66,59.81,1.295,29131.85
05-05-2024,314.59,40.56,0.571,33084.24
06-05-2024,437.33,39.14,0.5773,8173.57
07-05-2024,194.35,67.58,1.475,4197.63
08-05-2024,165.22,53.18,1.2003,22658.79
09-05-2024,331.48,73.88,1.4183,34312.92
10-05-2024,363.88,35.43,0.9596,48405.54
11-05-2024,478.13,34.7,1.1659,17136.21
12-05-2024,172.34,19.01,1.456,45456.29
13-05-2024,82.39,47.67,1.1611,33266.9
14-05-2024,267.16,45.13,1.0077,29254.49
15-05-2024,281.48,79.01,1.1376,29520.2
16-05-2024,337.84,41.41,0.6802,45460.24
17-05-2024,380.96,29.39,1.3687,41506.3
18-05-2024,115.16,30.43,1.4178,36910.84
19-05-2024,278.67,77.71,0.9919,23347.01
20-05-2024,379.7,72.34,1.4122,5484.62
21-05-2024,141.63,77.09,0.9474,47046.1
22-05-2024,403.39,55.77,0.7181,45907.64
23-05-2024,141.26,42.89,1.4079,1411.01
24-05-2024,280.25,83.69,1.4985,49215.7
25-05-2024,466.59,86.72,0.9592,17468.24
26-05-2024,228.01,83.85,0.7918,17016.61
27-05-2024,160.31,27.93,0.7696,23660.51
28-05-2024,244.4,17.11,1.0652,26388.12
29-05-2024,81.53,22.84,1.2167,10469.52
30-05-2024,302.32,67.29,0.9725,36297.27
31-05-2024,86.98,77.36,0.6841,18759.92
01-06-2024,441.65,63.55,0.727,4099.21
02-06-2024,427.68,17.45,1.0624,12530.12
03-06-2024,275.2,33.8,1.3485,30252.57
04-06-2024,221.9,40.91,0.8917,15716.83
05-06-2024,50.62,47.43,1.0261,23948.77
06-06-2024,249.66,54.72,1.0464,12523.31
07-06-2024,245.7,23.7,1.4035,37182.65
08-06-2024,52.69,34.44,0.521,5612.48
09-06-2024,291.79,44.57,1.2504,41860.36
10-06-2024,283.54,18.35,1.2628,48677.38
11-06-2024,60.79,13.09,1.2188,16061.07
12-06-2024,281.93,76.98,1.1126,28732.32
13-06-2024,384.03,49.65,1.458,20136.6
14-06-2024,375.56,54.7,1.144,19909.19
15-06-2024,480.75,23.56,0.7645,17147.38
16-06-2024,172.62,77.44,1.0764,33309.07
17-06-2024,211.01,35.93,1.2441,18164.66
18-06-2024,60.03,15.87,0.9382,17962.52
19-06-2024,94.4,42.93,1.1991,14268.91
20-06-2024,475.26,80.56,0.5538,47778.64
21-06-2024,485.18,70.77,0.534,38627.95
22-06-2024,115.87,83.18,0.5406,16249.16
23-06-2024,329.93,50.96,0.8358,43358.69
24-06-2024,218.2,88.26,1.2659,15889.48
25-06-2024,140.69,12.63,0.8047,15251.82
26-06-2024,496.36,47.44,0.9999,4798.9
27-06-2024,409.94,79.76,0.8187,2710.3
28-06-2024,335.91,67.96,1.3711,41882.05
29-06-2024,183.47,17.46,1.1377,18643.65
30-06-2024,116.14,24.17,0.535,39744.66
01-07-2024,443.68,15.58,1.399,5802.67
02-07-2024,116.21,55.6,0.5531,36830.66
03-07-2024,473.04,22.63,1.0901,32541.58
04-07-2024,283.2,58.9,0.5806,25428.41
05-07-2024,57.76,44.66,0.5337,12186.59
06-07-2024,355.37,71.73,0.5566,16492.7
07-07-2024,218.34,60.95,0.5177,23083.6
08-07-2024,285.64,63.49,0.8268,10261.01
09-07-2024,494.47,60.19,1.4577,11275.81
10-07-2024,284.37,25.37,1.198,7340.89
11-07-2024,393.96,29.77,0.8474,45514.47
12-07-2024,465.88,26.99,1.2169,16113.46
13-07-2024,499.15,54.87,1.1513,30435.77
14-07-2024,133.95,75.47,1.1565,24880.43
15-07-2024,144.99,12.81,0.5836,39018.12
16-07-2024,52.42,53.05,1.0705,30590.55
17-07-2024,106.35,88.67,1.4856,32079.6
18-07-2024,449.04,14.25,0.6275,6303.84
19-07-2024,315.11,14.78,1.0546,31665.81
20-07-2024,459.66,84.89,0.9372,45739.56
21-07-2024,288.7,82.32,1.2235,17900.1
22-07-2024,392.01,71.13,0.9291,37002.92
23-07-2024,394.73,73.56,0.747,6724.17
24-07-2024,131.03,79.01,0.6029,16601.16
25-07-2024,229.51,60.68,1.3434,31109.53
26-07-2024,291.66,65.81,0.5983,33060.1
27-07-2024,330.43,20.32,0.6095,38940.02
28-07-2024,107.45,43.75,0.5864,29214.83
29-07-2024,257.83,69.38,1.0037,27800.87
30-07-2024,150.57,20.34,1.4881,16979.95
31-07-2024,183.78,78.86,0.9835,17604.79
01-08-2024,76.61,79.43,1.4133,21647.05
02-08-2024,194.34,27.79,0.651,1429.64
03-08-2024,271.79,33.84,0.6087,47160.02
04-08-2024,363.38,48.63,0.5487,36420.93
05-08-2024,461.87,24.64,0.8774,7501.9
06-08-2024,142.47,75.65,1.0405,19587.95
07-08-2024,361.23,61.98,1.3704,10326.63
08-08-2024,90.92,89.2,1.2842,41127.44
09-08-2024,208.64,45.74,1.451,26059.23
10-08-2024,212.42,80.42,0.9109,41589.62
11-08-2024,273.37,18,1.4661,16101.08
12-08-2024,241.27,75.76,1.1093,28345.25
13-08-2024,249.73,51.37,0.8331,47858.31
14-08-2024,188.86,89.07,1.4001,46022.88
15-08-2024,254.44,38.57,1.4538,6854.03
16-08-2024,454.16,75.57,0.5142,27036.51
17-08-2024,115.41,24.77,0.9993,3622.35
18-08-2024,307.75,57.94,1.1629,25751.51
19-08-2024,226.81,58.18,0.744,43499.51
20-08-2024,361.94,29.32,1.0634,20266.1
21-08-2024,461.52,39.3,0.9625,13438.55
22-08-2024,117.1,60.97,0.8375,28450.43
23-08-2024,350.94,21.39,1.0665,27045.33
24-08-2024,417.14,78.3,1.0363,2734.82
25-08-2024,176.08,18.99,1.1967,8789.13
26-08-2024,429.03,29.07,1.3165,49216.19
27-08-2024,405.82,31.09,0.5265,26059.83
28-08-2024,64.32,60.19,1.4936,18896.71
29-08-2024,215.73,21.9,0.7628,21350.41
30-08-2024,299.57,52.8,0.9896,48057.53
31-08-2024,99.41,39.04,0.6053,20305.57
01-09-2024,384.78,55.58,1.1714,38465.9
02-09-2024,449.11,43.02,1.0292,36277.64
03-09-2024,286.33,45.01,1.0015,40615.27
04-09-2024,173.61,61.13,1.2222,36753.09
05-09-2024,153.33,54.95,1.3495,6384.56
06-09-2024,126.1,36.98,1.0737,39499.65
07-09-2024,212.55,89.55,0.8641,21430.22
08-09-2024,460.98,15.27,1.4503,30697.37
09-09-2024,254.62,68.79,1.1347,14974.97
10-09-2024,442.76,85.85,1.3173,31169.74
11-09-2024,452.35,38.76,1.2613,33837.41
12-09-2024,133.51,36.71,1.4005,26752.35
13-09-2024,468.98,52.47,0.6284,13451.59
14-09-2024,476.28,76.67,1.4932,19497.9
15-09-2024,153.36,13.45,0.9283,32825.4
16-09-2024,64.16,56.99,0.855,16837.61
17-09-2024,405.58,15.09,1.4337,23505.28
18-09-2024,294.91,15.12,1.3051,33876.56
19-09-2024,140.4,50.38,1.0612,33297.55
20-09-2024,275.48,63.83,0.6169,3126.3
21-09-2024,163.58,12.36,0.6121,47669.87
22-09-2024,133.73,31.48,0.6681,20077.02
23-09-2024,269.97,39.07,0.9249,49442.59
24-09-2024,52.65,27.57,1.1138,11009.16
25-09-2024,451.73,42.6,1.0359,23849.7
26-09-2024,223.68,23.18,1.0901,38044.98
27-09-2024,475.3,28.02,1.4096,49310.54
28-09-2024,256.12,17.3,0.7171,40993.94
29-09-2024,181.8,40.24,0.653,35182.48
30-09-2024,333.36,13.42,0.5594,49827.39
01-10-2024,308.98,85.5,1.2627,22447.48
02-10-2024,91.08,49.85,0.9443,2149.3
03-10-2024,252.09,84.08,0.5698,8701.17
04-10-2024,391.27,41.36,1.4644,32660.03
05-10-2024,185.08,34.56,0.7218,3512.84
06-10-2024,139.97,85.63,1.3487,38446.31
07-10-2024,499,39.3,0.5731,42135.49
08-10-2024,274.23,71.77,0.5092,21249.8
09-10-2024,159.86,30.81,1.4863,43504.32
10-10-2024,223.36,39.72,0.9063,35659.02
11-10-2024,499.31,42.81,1.376,34352.52
12-10-2024,68.44,80.1,1.119,31401.24
13-10-2024,310.44,19.45,1.4345,17141.24
14-10-2024,359.81,11.32,0.9294,45342.38
15-10-2024,414.58,85.44,1.3522,17921.74
16-10-2024,241.84,72.52,1.3726,6678.18
17-10-2024,135.42,31.64,0.8553,12034.82
18-10-2024,193.81,21.87,0.645,12269.53
19-10-2024,484.62,68.14,1.0527,3700.7
20-10-2024,330.04,77.03,0.7929,40933.38
21-10-2024,447.46,80.14,0.6537,19632.48
22-10-2024,320.81,51.97,0.9733,49050.98
23-10-2024,267.02,71.9,1.2268,24283.17
24-10-2024,221.37,31.92,0.9784,44557.02
25-10-2024,470.54,12.64,1.1737,12769.4
26-10-2024,150.99,35.08,0.9133,33752.34
27-10-2024,324.02,37.82,1.0987,20576.1
28-10-2024,217.48,72.64,1.1922,15469.05
29-10-2024,461.51,46.15,1.2783,24581.02
30-10-2024,392.39,13.16,1.3536,40600.94
31-10-2024,123.06,46.13,0.8863,45647.04
01-11-2024,373.06,22.23,1.3206,20083.19
02-11-2024,58.87,74.3,1.3965,24219.21
03-11-2024,201.13,66.89,0.8117,7615.06
04-11-2024,383.51,19.57,0.5482,28252.36
05-11-2024,366.43,10.77,1.0606,46064.54
06-11-2024,72.12,35.99,1.0793,10599.63
07-11-2024,178.67,60.8,1.1383,23839.53
08-11-2024,238.88,26.37,0.7821,21970.63
09-11-2024,479.32,52.58,0.9528,22513.14
10-11-2024,265.27,51.69,1.0415,27634.38
11-11-2024,259.28,83.91,1.4405,44379.56
12-11-2024,346.41,47.66,1.4598,39679.06
13-11-2024,375.57,26.63,0.9038,25020.43
14-11-2024,127.87,12.23,0.5618,34449.47
15-11-2024,291.2,12.6,0.6051,5793.69
16-11-2024,304.27,55,1.1006,1060.67
17-11-2024,224.99,69.67,1.3249,22283.02
18-11-2024,146.63,55.86,0.6439,48526.78
19-11-2024,183.27,53.3,0.9665,16853.12
20-11-2024,464,46.34,1.458,13745.07
21-11-2024,491.82,86.67,0.6181,15870.73
22-11-2024,216.75,82.62,0.9491,47958.14
23-11-2024,226.23,38.06,0.6909,13110.59
24-11-2024,234.77,37.44,1.1329,14384.66
25-11-2024,291.33,34.78,0.6753,5312.32
26-11-2024,451.22,86.29,1.1209,45833.92
27-11-2024,401.75,25.13,0.8388,22313.02
28-11-2024,140.57,43.18,1.3223,43613.91
29-11-2024,108.5,43.42,0.9319,33942.35
30-11-2024,329.14,17.15,1.2399,6089.83
01-12-2024,462.63,42.12,0.803,30925.85
02-12-2024,484.29,81.37,0.8021,27280.43
03-12-2024,149.06,76.82,1.4114,46515.94
04-12-2024,414.23,62.22,0.7213,38941.38
05-12-2024,438.26,80.18,1.2506,41884.92
06-12-2024,224.25,87.19,0.5879,36759.2
07-12-2024,284.24,22.81,0.5308,3498.66
08-12-2024,374.03,18.27,1.2484,29114.62
09-12-2024,475.29,88.59,1.0969,32341.03
10-12-2024,413.67,47.76,0.9196,3203.44
11-12-2024,61.55,17.92,0.639,28940.56
12-12-2024,496.93,71.84,1.3854,49068.17
13-12-2024,398.25,70.13,0.5456,42680.42
14-12-2024,486.32,21.37,0.8972,41306.88
15-12-2024,388.09,16.43,0.7088,21014.67
16-12-2024,151.23,55.02,1.0517,5593.24
17-12-2024,379.38,87.24,1.2723,33112.04
18-12-2024,172.92,13.61,1.4799,32509.48
19-12-2024,113.92,46.41,0.783,38284.62
20-12-2024,484.26,60.06,1.3037,4738.43
21-12-2024,462.45,40.44,0.79,47628.78
22-12-2024,167.92,19.78,0.7365,19481.48
23-12-2024,61.97,85.85,1.3935,8848.42
24-12-2024,94.08,31.17,1.2397,1152.67
25-12-2024,439.21,27.08,0.7262,10634.48
26-12-2024,206.86,56.62,0.9947,24669.11
27-12-2024,259.92,60.54,0.5791,20071.4
28-12-2024,446.78,62.09,0.612,9564.82
29-12-2024,327.27,12.15,0.9908,1675.61
30-12-2024,194.06,32.72,1.2818,35255.43
31-12-2024,387.39,18.68,0.5204,15956.57
01-01-2025,328.55,44.43,0.7744,40136.65
02-01-2025,477.22,18.15,0.9568,44606.51
03-01-2025,54.91,26.39,0.8862,28276.1
04-01-2025,397.23,64.76,0.5678,19582.26
05-01-2025,286.55,85.01,0.9932,16964.65
06-01-2025,305.41,37.73,1.3182,33519.91
07-01-2025,168.14,74.53,0.8152,2692.39
08-01-2025,335.21,38.05,0.8948,22665.42
09-01-2025,386.49,44.73,0.9666,18192.55
10-01-2025,391.71,12.78,1.4827,35188.27
11-01-2025,256.65,41.75,1.3171,48252.1
12-01-2025,471.94,57.87,1.1265,36016.55
13-01-2025,80.32,19.09,0.8138,1978.92
14-01-2025,201.7,29.85,0.8727,15424
15-01-2025,350.08,42.35,1.1205,18646.94
16-01-2025,179.19,23.5,1.3149,18327.17
17-01-2025,368.42,53.99,0.534,42288.36
18-01-2025,132.8,22.52,0.6709,5818.15
19-01-2025,417.4,86.58,0.7835,42045.94
20-01-2025,415.93,47.17,1.4825,12271.89
21-01-2025,240.36,65.76,1.226,24546.83
22-01-2025,443.02,89.21,1.2058,46289.73
23-01-2025,131.49,52.51,1.0749,40829.67
24-01-2025,202.91,74.41,1.1528,3291.45
25-01-2025,484.44,29.51,1.4484,24387.11
26-01-2025,442.55,41.08,0.7374,4712.77
27-01-2025,278.38,53.04,0.5621,19299.67
28-01-2025,127.12,45.54,1.3721,11379.86
29-01-2025,325.9,71.9,0.7959,10308.74
30-01-2025,143.21,38.1,1.2871,28380.6
31-01-2025,141.32,19.56,1.2575,13872.47
01-02-2025,323.94,89.71,1.2443,35774.02
02-02-2025,85.41,78.71,1.0298,42452.67
03-02-2025,322.13,30.47,0.7087,21421.88
04-02-2025,458.34,66.17,1.4692,40724.05
05-02-2025,463.86,36.7,1.0351,34226.63
06-02-2025,320.02,11.7,1.0923,6427.95
07-02-2025,74.45,63.03,0.7879,36993.56
08-02-2025,220.31,40.38,0.8616,33805.84
09-02-2025,359.22,46.74,0.724,9128.6
10-02-2025,475.41,39.51,0.5893,36096.93
11-02-2025,259.54,24.55,0.6804,1914.66
12-02-2025,134.47,69.89,1.0453,19958.55
13-02-2025,472.91,69.31,1.3677,46827.59
14-02-2025,64.24,13.46,0.9015,43287.48
15-02-2025,194.97,58.7,0.84,20487.74
16-02-2025,301.18,31.65,1.1752,4755.37
17-02-2025,240.93,80.93,1.2747,15022.42
18-02-2025,60.89,83.45,1.1812,12931.76
19-02-2025,427.69,80.19,1.0246,7917.83
20-02-2025,149.24,38.06,0.7241,1704.12
21-02-2025,314.92,37.98,1.2389,14379.31
22-02-2025,122.95,48.25,1.2318,21736.9
23-02-2025,474.44,55.53,0.5826,39183.08
24-02-2025,296.36,70.18,1.2444,37403.68
25-02-2025,250.14,20.11,0.609,40448.57
26-02-2025,176.68,41.4,0.8688,36511.6
27-02-2025,274.68,58.49,0.887,5455.5
28-02-2025,85.1,29.22,1.0398,33503.36
01-03-2025,250.16,62.36,1.1271,49455.88
02-03-2025,230.45,62.61,1.1948,30864.45
03-03-2025,88.41,71.39,1.0739,18680.13
04-03-2025,493.3,47.4,0.5483,2044.92
05-03-2025,360.84,32.27,0.7711,49932.44
06-03-2025,477.29,71.55,0.6317,35056.07
07-03-2025,251.79,52.77,0.7711,47822.95
08-03-2025,161.24,37.96,1.1222,8976.46
09-03-2025,301.89,57.63,0.7602,27321.91
10-03-2025,492.83,65.32,0.635,45654.1
11-03-2025,80.37,41.72,0.5573,36441.86
12-03-2025,51.87,88.39,0.6374,31321.8
13-03-2025,445.62,46.1,0.8588,8472.37
14-03-2025,274.42,43.98,0.7508,36348.14
15-03-2025,116.3,54.93,0.8665,47232.25
16-03-2025,491.52,81.93,1.467,29498.64
17-03-2025,484.1,60.14,1.2701,11767.86
18-03-2025,314.42,85.2,1.0427,35542.52
19-03-2025,426.44,14.23,1.0001,4282.61
20-03-2025,455.33,47.04,0.5563,7715.21
21-03-2025,309.64,38.27,1.3352,36020.22
22-03-2025,244.23,24.35,1.0092,31191.8
23-03-2025,486.48,21.77,0.6202,42865.86
24-03-2025,341.69,80.18,0.5515,4591.49
25-03-2025,398.59,17.41,1.0102,44113.73
26-03-2025,182.2,29.47,0.9244,16466.79
27-03-2025,75.97,26.02,1.2111,31859.59
28-03-2025,259.61,22.78,1.1202,17878.05
29-03-2025,441.13,50.77,1.2759,8768.8
30-03-2025,102.3,28.45,1.451,13970.56
31-03-2025,415.71,24.26,1.2788,28917.23
01-04-2025,393.14,50.66,1.0245,31957.22
02-04-2025,348.04,20.34,0.9625,28183.73
03-04-2025,124.38,81.22,0.8673,36938.45
04-04-2025,495.17,21.38,0.9299,15434.8
05-04-2025,435.26,10.55,1.444,8606.31
06-04-2025,172.47,67.76,1.0506,49564.41
07-04-2025,376.35,13.25,0.95,48316.22
08-04-2025,242.79,49.64,0.6559,29722.8
09-04-2025,334.8,23.46,1.459,31863.87
10-04-2025,284.03,88.68,1.0891,41694.93
11-04-2025,429.49,80.27,1.0498,34743.22
12-04-2025,306.53,89.85,1.0538,45708.26
13-04-2025,149.31,84.97,1.2044,7647.65
14-04-2025,423.2,85.12,0.6312,7836.85
15-04-2025,426.93,44.72,0.5198,13790.96
16-04-2025,178.09,84.37,0.6811,36326.35
17-04-2025,169.02,58.1,1.1469,24096.44
18-04-2025,312.47,27.8,0.5863,1311.02
19-04-2025,203.55,67.47,1.0304,48724.08
20-04-2025,52.81,37.95,1.2585,8907.03
21-04-2025,137.24,12.54,1.0424,19156.66
22-04-2025,196.68,59.3,1.3432,49745.61
23-04-2025,140.66,61.35,0.9183,12913.59
24-04-2025,438.16,34.98,1.0913,28780.42
25-04-2025,486.98,79.1,1.201,8568.83
26-04-2025,238.3,70.73,1.13,24387.8
27-04-2025,103.2,58.61,1.2835,41574.22
28-04-2025,113.73,53.47,1.2287,11492.97
29-04-2025,152.93,68.44,1.3091,36928.91
30-04-2025,130.77,48.06,0.5294,13178.22
01-05-2025,429.2,30.86,1.4688,24461.56
02-05-2025,189.9,34.55,0.671,47896.41
03-05-2025,392.56,15.23,0.6227,11047.57
04-05-2025,149.06,44.4,0.537,28798.93
05-05-2025,104.24,69.25,0.7416,27218.14
06-05-2025,146.29,84.41,1.2789,26706.72
07-05-2025,495.83,79.12,1.1603,6423.33
08-05-2025,169.6,83.49,0.5676,12482.44
09-05-2025,176.08,56.83,0.6313,6465.39
10-05-2025,384.47,56.3,0.5281,41574.98
11-05-2025,263.87,62.31,1.4371,33445.29
12-05-2025,446.6,83.31,0.5665,19474.55
13-05-2025,217.9,39.06,0.9306,48361.83
14-05-2025,450.53,69.25,0.556,16635.99
15-05-2025,154.92,86.05,1.0548,17309.51
16-05-2025,212.5,45.92,1.4662,48839.12
17-05-2025,199.39,89.82,1.3426,17662.73
18-05-2025,172.81,78.29,1.1438,46205.48
19-05-2025,83.07,47.41,1.2704,14073.67
20-05-2025,486.18,31.55,0.8801,45641
21-05-2025,409.94,55.18,0.9744,20407
22-05-2025,201.45,55.13,0.9317,25534.21
23-05-2025,349.76,72.58,0.6054,47123.3
24-05-2025,368.16,33.66,1.3058,23412.65
25-05-2025,269.2,46.52,1.4723,49887.43
26-05-2025,328.24,22.76,0.7738,1598.9
27-05-2025,305.02,69.65,0.5618,48574.93
28-05-2025,188.76,45.36,0.5093,18882.77
29-05-2025,229.24,68.17,0.6031,13276.79
30-05-2025,272.37,30.43,1.2858,39096.71
31-05-2025,258.5,60.82,0.9801,43857.51
01-06-2025,416.29,79.57,0.5729,41801.43
02-06-2025,66.47,60.27,1.4937,36389.07
03-06-2025,174.36,24.98,1.3345,8365.54
04-06-2025,373.39,53.93,0.6011,45276.03
05-06-2025,441.81,15.59,0.608,44139.4
06-06-2025,464.61,36.17,0.8596,6929.85
07-06-2025,158.82,89.9,0.6676,3977.92
08-06-2025,72.7,84.51,0.6224,49719.67
09-06-2025,157.08,58.08,0.5654,42189.94
10-06-2025,466.54,82.83,1.0628,28395.41
11-06-2025,459.62,37.02,1.4287,44561.58
12-06-2025,180.2,54.94,1.2618,49497.33
13-06-2025,234.74,27.78,1.3223,33634.57
14-06-2025,317.69,59.4,0.8697,33610.06
15-06-2025,328.12,49.69,1.1107,9269.78
16-06-2025,441.16,77.24,1.3058,49067.74
17-06-2025,52.74,30.31,1.4657,27063.95
18-06-2025,109.76,63.86,1.2685,18331.6
19-06-2025,188.85,42.31,1.1122,28322.32
20-06-2025,355.48,42.81,1.22,46454.41
21-06-2025,363.07,64.08,0.815,23640.72
22-06-2025,87.28,75.26,0.8589,44609.72
23-06-2025,167.46,48.78,1.2814,36454.4
24-06-2025,280.37,11.87,1.485,3040.48
25-06-2025,176.84,84.42,0.69,41445.35
26-06-2025,244.22,69.65,1.0299,45630.39
27-06-2025,125.56,51.82,0.7719,42703.6
28-06-2025,154.23,16.64,1.3116,17285.54
29-06-2025,66.64,89.56,1.3725,36200.69
30-06-2025,412.29,51.38,0.5288,41937.92
01-07-2025,401.39,62.05,0.9369,47733.49
02-07-2025,283.95,12.06,0.8713,49030.37
03-07-2025,362.96,59.62,0.7448,22979.6
04-07-2025,384.02,64.87,1.1874,16550.7
05-07-2025,330.36,19.76,1.38,29249.77
06-07-2025,166.69,13.36,0.6838,30291.58
07-07-2025,437.84,27.71,0.5162,41780.94
08-07-2025,201.3,34,1.0477,21785.55
09-07-2025,177.06,20.68,0.9929,29399.93
10-07-2025,490.14,71.04,0.7372,27337.38
11-07-2025,413.92,66.76,1.155,12490.66
12-07-2025,433.04,35.76,1.1382,41723.07
13-07-2025,461.05,86.2,0.9066,25983.15
14-07-2025,469.29,65.37,1.4556,32322.79
15-07-2025,477.43,25.03,0.8731,48908.65
16-07-2025,471.31,45.24,0.7968,45877.71
17-07-2025,327.55,18.21,0.6888,32932.64
18-07-2025,423.93,55.32,0.6141,30869.68
19-07-2025,211.8,51.12,0.594,38029.19
20-07-2025,103.02,63.04,0.9647,34948.18
21-07-2025,395.59,14.66,0.9933,25574.77
22-07-2025,232.94,59.75,0.5988,26602.9
23-07-2025,320.64,21.29,1.185,28241.35
24-07-2025,333.39,67.78,1.2525,15959.67
25-07-2025,95.52,70.65,0.6435,41842.8
26-07-2025,82.24,12.74,1.1451,43256.09
27-07-2025,52.94,51.76,1.3182,48881.85
28-07-2025,419.16,75.03,0.8446,42549.94
29-07-2025,290.13,66.93,0.8512,5936.51
30-07-2025,493.19,42.65,1.1625,38577.24
31-07-2025,57.24,66.43,0.7387,47069.67
01-08-2025,217.62,61.56,1.1783,32220.24
02-08-2025,194.18,39.77,1.469,36024.18
03-08-2025,138.42,39.33,0.9161,45210
04-08-2025,65.9,76.19,1.4512,11880.84
05-08-2025,237.7,28.83,1.0796,22491.58
06-08-2025,341.12,48.63,1.3663,38960.71
07-08-2025,170.34,36.87,0.83,46082.86
08-08-2025,248.09,42.56,1.3048,15831.7
09-08-2025,439.08,54.04,0.9203,17991.41
10-08-2025,385.95,16.42,0.7485,7707.7
11-08-2025,350.55,36.16,0.8394,13885.52
12-08-2025,125.51,82.7,0.7943,1070.87
13-08-2025,296.16,71.92,1.1043,35244.9
14-08-2025,408.05,63.81,0.7434,39458.35
15-08-2025,146.19,16.87,0.7355,2958.2
16-08-2025,227.72,63.72,0.8895,7564.19
17-08-2025,196.59,22.51,1.0268,3082.77
18-08-2025,208.29,66.43,1.002,48527.36
19-08-2025,97.15,49.95,1.2431,36073.31
20-08-2025,352.15,27.11,0.8002,10873.94
21-08-2025,194.57,72.23,0.8465,37286.15
22-08-2025,368.44,87.02,0.6158,14356.66
23-08-2025,140.15,47.27,1.4694,32928.04
24-08-2025,394.45,72.1,0.528,22312.88
25-08-2025,426.55,28.38,1.2346,48122.48
26-08-2025,300.15,20.23,0.569,33690.17
27-08-2025,168.07,59.53,1.2519,24018.69
28-08-2025,496.57,75.92,0.9988,39851.62
29-08-2025,147.56,79.84,0.83,8123.32
30-08-2025,135.3,70.02,1.3095,23401.18
31-08-2025,177.64,21.69,1.3891,44048.96
01-09-2025,163.36,17.39,1.1829,8453.54
02-09-2025,140.16,81.91,0.7907,9486.2
03-09-2025,268.9,70.99,0.6846,23450.66
04-09-2025,82.75,41.44,0.8335,33292.99
05-09-2025,476.36,31.07,1.4039,44335.14
06-09-2025,118.59,54.39,1.2372,18090.59
07-09-2025,209.31,54.48,0.557,1014.83
08-09-2025,95.1,44.91,0.8548,24240.96
09-09-2025,213.43,36.34,1.3714,34735.24
10-09-2025,85.85,45.86,0.7549,39991.37
11-09-2025,318.01,58.53,0.664,47891.78
12-09-2025,497,60.86,0.643,14993.08
13-09-2025,468.04,77.81,0.7434,9202.48
14-09-2025,422.63,57.54,0.6592,31948.91
15-09-2025,436.84,85.73,0.507,6018.48
16-09-2025,252.33,47.1,0.7307,13927.42
17-09-2025,431.25,23.56,1.0758,22131.31
18-09-2025,203.43,64.77,0.543,5759.7
19-09-2025,447.85,49.45,0.5369,33403.11
20-09-2025,370.1,25.48,1.1927,32118.68
21-09-2025,237.52,26.81,1.0102,18463.55
22-09-2025,432.96,88.25,0.6416,12250.32
23-09-2025,110.33,80.42,0.5136,38751.41
24-09-2025,358.16,54.76,1.3376,29106.82
25-09-2025,358.78,65.35,0.8441,42473.47
26-09-2025,153.15,82.99,0.5078,31767.52
27-09-2025,153.19,82.63,0.7548,32147.36
28-09-2025,394.7,85.19,1.1388,16300.94
29-09-2025,451.57,80.18,1.3049,4180.96
30-09-2025,223.22,67.53,0.5167,37748.47
01-10-2025,462.25,62.17,1.4916,23835.57
02-10-2025,130.92,64.93,1.2981,1772.16
03-10-2025,478.33,10.81,1.4293,49649.41
04-10-2025,133.82,86.07,0.7582,41828.83
05-10-2025,364.29,50.77,1.0653,44815.96
06-10-2025,386.32,11.9,0.8263,49576.68
07-10-2025,107.85,25.17,1.0065,1065.49
08-10-2025,339.36,20.79,0.6278,40032.98
09-10-2025,75.82,57.57,1.0486,45100.25
10-10-2025,494.95,75.26,0.8821,25994.01
11-10-2025,360.21,26.57,1.2054,23372.13
12-10-2025,282.65,45.69,1.4607,33970.74
13-10-2025,216.67,86.23,0.9092,44711.38
14-10-2025,224.04,14.64,1.2622,28699.91
15-10-2025,349.84,48.1,0.651,7659.69
16-10-2025,56.74,62.26,1.2372,48298.66
17-10-2025,350.87,42.95,0.9857,41512.75
18-10-2025,152.96,60.86,1.2834,1417.22
19-10-2025,87.19,18.74,1.2792,10674.72
20-10-2025,462.98,88.65,0.7739,45506.26
21-10-2025,238.77,38.42,0.8772,42366.29
22-10-2025,342.63,63.49,1.1065,48450.19
23-10-2025,259.5,39.95,0.7465,25436.27
24-10-2025,208.29,69.3,1.4296,7896.42
25-10-2025,207.74,80.56,1.2747,46079.93
26-10-2025,186.41,65.37,1.489,29030.14
27-10-2025,377.81,85.49,0.5998,16214.49
28-10-2025,152.25,88.52,1.0584,25664.01
29-10-2025,371.23,18.97,1.4207,41195.35
30-10-2025,259.21,49.23,1.2319,33113.76
31-10-2025,199.32,80.4,1.0898,22836.97
01-11-2025,114.63,49.97,0.6068,36402.84
02-11-2025,308.69,16.68,0.787,21581.97
03-11-2025,207.6,81.3,1.438,23579.67
04-11-2025,299.15,37.9,1.1578,43800.22
05-11-2025,288.6,89.24,0.5711,25178.35
06-11-2025,405.83,22,1.4119,10109.55
07-11-2025,136.56,12.35,1.1916,47016.77
08-11-2025,224.81,34.38,0.5578,7529.92
09-11-2025,277.16,69.43,0.994,13876.81
10-11-2025,417.46,70.22,0.5675,44493.9
11-11-2025,454.45,41.18,0.5334,17348.4
12-11-2025,263.59,87.85,0.908,11808.49
13-11-2025,347.4,60.57,0.7696,46219.13
14-11-2025,199.32,13.93,1.0237,17075.79
15-11-2025,365.24,24.12,1.2499,36591.31
16-11-2025,376.79,65.19,0.5929,12713.38
17-11-2025,257.64,70.83,0.8719,3377.01
18-11-2025,370.52,50.29,0.8283,1244.1
19-11-2025,171.68,86.45,1.2138,8653.59
20-11-2025,415.18,84.59,0.801,3272.83
21-11-2025,152.36,75.69,0.9621,30133.55
22-11-2025,53.86,62.17,0.9273,42300.38
23-11-2025,280.85,43.07,1.1614,13894.14
24-11-2025,217.78,15.57,1.1746,30244.88
25-11-2025,74.15,78,0.5241,36544.6
26-11-2025,403.47,37.53,0.5146,1761.29
27-11-2025,134.62,53.45,0.964,9780.24
28-11-2025,96.12,89.4,0.888,43007.46
29-11-2025,175.82,89.37,0.955,22469.76
30-11-2025,59.68,84.99,0.8699,6429.67
01-12-2025,211.94,56.22,1.2524,2530.66
02-12-2025,98.29,43.36,1.0774,43505.8
03-12-2025,467.02,29.34,1.1466,37693.45
04-12-2025,268.77,47.22,0.6904,42055.03
05-12-2025,305.44,69.59,1.3303,42740.01
06-12-2025,469.92,79.43,0.7782,48446.62
07-12-2025,139.53,88.18,1.1649,5198.98
08-12-2025,131.32,69.5,0.6031,42030.59
09-12-2025,201.12,62.39,0.7266,38139.81
10-12-2025,252.26,25.58,1.3243,20483.6
11-12-2025,178.35,54.46,1.4656,35646.67
12-12-2025,368.29,11.18,0.9786,40590
13-12-2025,168.35,59.13,0.9679,3913.52
14-12-2025,481.5,22.53,0.7621,37839.19
15-12-2025,329.54,74.44,1.478,13113.26
16-12-2025,341.22,69.18,0.9803,49080.56
17-12-2025,291.54,34.74,1.2035,5662.71
18-12-2025,322.6,18.68,0.9321,14583.32
19-12-2025,219.89,26.75,1.1572,9143.28
20-12-2025,233.22,63.12,0.5921,40739.53
21-12-2025,72.2,18.68,1.1453,41166.48
22-12-2025,201.93,88.41,1.4972,7947.38
23-12-2025,436.23,63.63,0.5058,10018.58
24-12-2025,297.51,32.96,1.03,37943.48
25-12-2025,99.88,40.92,1.0155,16366.67
26-12-2025,403.05,28.51,1.2897,31914.31
27-12-2025,490.84,11.65,0.9443,38848.68
28-12-2025,367.46,84.99,1.0984,21551.39
29-12-2025,359.93,42.07,1.0935,10120.88
30-12-2025,143.6,47.47,1.4907,13280.77
31-12-2025,417.07,14.1,1.0127,37082.67
01-01-2026,345.18,86.78,1.4367,34463.43
02-01-2026,152.09,76.09,1.4953,11352.1
03-01-2026,75.82,69.39,0.9038,27460.33
04-01-2026,85.96,71.3,1.3718,35945.61
05-01-2026,99.33,51.88,1.0952,39528.84
06-01-2026,304.57,78.22,0.5306,27120.88
07-01-2026,151.47,28.93,1.3248,36272.26
08-01-2026,287.05,55.71,0.5515,18234.69
09-01-2026,328.15,70.82,0.7407,48784.97
10-01-2026,335.05,50.66,1.0552,38951.45
11-01-2026,174.8,23.52,1.2943,2601.73
12-01-2026,305.8,10.47,0.5473,46394.7
13-01-2026,60.97,68.22,1.4439,12271.43
14-01-2026,161.48,77.93,1.0149,14574.65
15-01-2026,245.59,33.93,0.6781,28937.49
16-01-2026,100.93,16.77,0.8059,40556.32
17-01-2026,386.55,60.79,1.4021,9785.77
18-01-2026,109.91,11.36,1.4432,38700.87
19-01-2026,323.51,11.99,1.2215,16049.43
20-01-2026,78.69,85.77,1.4707,49889.27
21-01-2026,84.03,18.29,0.5829,19955.62
22-01-2026,477.86,88.97,0.8434,13002.99
23-01-2026,461.87,61.43,1.4634,13195.52
24-01-2026,218.85,56.9,1.1993,27184.08
25-01-2026,388.87,77.22,0.7601,41143.43
26-01-2026,485.39,29.67,1.2332,13654.62
27-01-2026,218.82,51.83,0.9017,49851.98
28-01-2026,421.58,74.93,0.6632,10405.01
29-01-2026,284.98,39.19,0.6529,48672.22
30-01-2026,382.25,30.17,0.576,40728.1
31-01-2026,303.89,75.12,1.0355,47445.86
01-02-2026,52.96,77.36,1.1729,7482.39
02-02-2026,218.84,61.14,1.3789,8491.84
03-02-2026,165.17,72.62,0.8933,42269.08
04-02-2026,100.37,79.63,0.9314,19691.99
05-02-2026,184.85,20.62,1.278,42365.44
06-02-2026,85.16,29.44,1.1635,16505.06
07-02-2026,109.84,14.05,1.1972,13634.29
08-02-2026,385.1,44.68,0.9124,10069.58
09-02-2026,473.53,27.81,0.8073,41583.84
10-02-2026,420.97,20.54,1.0877,44207.14
11-02-2026,247.76,52.5,1.2587,40768.07
12-02-2026,472.99,69.81,0.5494,43449.53
13-02-2026,88.34,63.19,1.4195,40493.43
14-02-2026,266.02,34.32,1.0182,49307.07
15-02-2026,433.4,51.21,0.5209,7542.05
16-02-2026,353.24,89.05,0.901,11023.61
17-02-2026,446.28,63.73,1.1242,4580.51
18-02-2026,186.66,26.82,0.5107,19109.53
19-02-2026,437.76,25.7,1.1742,6390.17
20-02-2026,141.71,79.65,1.3512,39548.87
21-02-2026,316.04,20.27,0.9764,46525.01
22-02-2026,345.08,43.57,0.8573,2937.62
23-02-2026,237.72,69.23,0.5694,13148.28
24-02-2026,257.77,55.28,0.6263,22901.72
25-02-2026,363.83,22.02,0.9207,32111.88
26-02-2026,258.16,70.94,1.2738,35684.89
27-02-2026,180.54,35.42,0.9257,39423.39
28-02-2026,84.98,58.87,0.5609,31706.41
01-03-2026,142.06,60.65,0.5587,13333.64
02-03-2026,440.56,38.04,0.6071,34100.57
03-03-2026,358.12,81.08,0.9063,6339.16
04-03-2026,368.3,78.45,1.1752,23198.25
05-03-2026,361,39.99,0.7311,46077.11
06-03-2026,445.47,23.94,0.7203,36425.37
07-03-2026,108.35,13.7,1.339,30978.59
08-03-2026,420.45,56.93,0.9024,47836.96
09-03-2026,368.54,67.88,1.1638,29282.07
10-03-2026,477.4,65.97,1.2115,3369.46
11-03-2026,369.9,24.85,1.439,25025.3
12-03-2026,180.27,31.6,0.6639,42507.34
13-03-2026,356.15,87.77,0.7128,10004.47
14-03-2026,185.64,58.24,1.4172,31317.95
15-03-2026,77.89,76.61,0.6185,29082.12
16-03-2026,96.13,41.82,1.1035,22761.53
17-03-2026,260.17,82.75,0.7609,20117.05
18-03-2026,97.95,71.02,0.8818,19386.78
19-03-2026,84.45,24.2,1.3445,17360.59
20-03-2026,233.78,65.72,1.097,29255.09
21-03-2026,461.53,81.97,0.6449,13512.76
22-03-2026,247.94,55.41,0.7151,36010.11
23-03-2026,408.62,87.74,0.7732,8947.96
24-03-2026,319.93,86.26,0.7811,6827.7
25-03-2026,187.03,40.86,0.6095,36219.77
26-03-2026,118.18,69.8,0.9055,45343.58
27-03-2026,176.29,68.32,1.0634,1666.51
28-03-2026,73.07,25.51,1.1469,21019.88
29-03-2026,325.33,65.91,1.4297,28320.52
30-03-2026,318.2,52.5,0.9805,48871.31
31-03-2026,307.03,65.49,0.8202,30423.53
01-04-2026,215.12,59.72,0.8277,23398.08
02-04-2026,238.03,38.21,0.6104,13846.43
03-04-2026,252.83,38.5,1.1658,14496.38
04-04-2026,398.08,43.31,0.5869,10314.17
05-04-2026,307.44,47.3,1.1802,20023.6
06-04-2026,125.58,12.86,0.6752,36680.48
07-04-2026,104.18,64.41,0.5551,10555.62
08-04-2026,241.08,65.19,0.8125,48897.3
09-04-2026,475.87,64.87,0.8319,3277.8
10-04-2026,353.54,66.54,1.1427,1916.64
11-04-2026,195.72,82.88,0.5272,46318.64
12-04-2026,428.82,76.97,1.4495,38089.15
13-04-2026,259.37,60.35,1.0997,18117.56
14-04-2026,124.3,53.45,1.4136,10816.01
15-04-2026,322.86,18.47,0.7992,39638.44
16-04-2026,127.6,89.87,1.4284,16990.31
17-04-2026,105.07,14.7,1.1795,28033.36
18-04-2026,400.09,62.44,1.186,40026.13
19-04-2026,293.72,35.25,0.5336,21801.63
20-04-2026,200.49,88.31,1.2737,1164.15
21-04-2026,153.81,16.29,1.0433,37752.71
22-04-2026,478.49,47.37,1.3853,5950.77
23-04-2026,340.61,78.38,0.7385,8462.84
24-04-2026,53.15,87.87,0.9074,21465.37
25-04-2026,446.93,17.46,1.3972,8822.02
26-04-2026,110.64,85.18,0.6871,41000.63
27-04-2026,294.32,49.91,0.6551,30900.08
28-04-2026,276.02,72.23,1.2097,9621.48
29-04-2026,153.55,23.51,0.6775,44073.79
30-04-2026,384.92,40.57,1.2857,20770.86
01-05-2026,352.73,84.66,0.5961,24709.14
02-05-2026,393.95,60.82,0.9288,22790.77
03-05-2026,470.28,39.93,0.8071,32325.97
04-05-2026,427.6,60.43,0.5333,48361.34
05-05-2026,212.74,37.4,0.5381,39854.45
06-05-2026,469.67,25.8,1.3079,7351.29
07-05-2026,145.32,72.05,1.1807,24261.03
08-05-2026,130.32,15.55,0.6613,44296.49
09-05-2026,59.64,44.75,0.5802,2921.11
10-05-2026,193.37,25.77,0.6908,25910.15
11-05-2026,89.24,83.78,1.2473,2958.2
12-05-2026,366.72,88.32,1.4012,3520.53
13-05-2026,195.86,83.7,0.5923,23354.93
14-05-2026,134.77,67.36,1.4687,24607.57
15-05-2026,317.74,65.16,0.6696,13941.1
16-05-2026,248.16,81.24,0.9251,26856.91
17-05-2026,243.57,89.73,0.8481,26416.85
18-05-2026,499.63,54.08,1.2015,39091.14
19-05-2026,86.38,56.87,1.3693,48583.79
20-05-2026,124.9,45.48,0.721,12209
21-05-2026,197.37,54.1,0.7735,33690.62
22-05-2026,205.63,47.57,1.4355,42149.68
23-05-2026,449.37,32.25,1.3648,6180.43
24-05-2026,411.28,61.02,0.8736,45047.52
25-05-2026,361.88,20,1.0519,17617.28
26-05-2026,324.73,76.98,1.1208,36457.39
27-05-2026,108.45,54.54,0.7501,3774.44
28-05-2026,197.99,67.73,0.9095,44470.72
29-05-2026,453.6,46.15,0.8133,17712.4
30-05-2026,301.62,74.81,1.4312,47859.24
31-05-2026,125.95,41.16,1.27,14308.13
01-06-2026,436.97,78.67,0.7798,25449.25
02-06-2026,222.8,14.02,0.7566,1208.99
03-06-2026,438.37,52.61,1.487,32191.01
04-06-2026,134.56,22.85,1.3798,8206.72
05-06-2026,408,54.11,0.8417,10692.55
06-06-2026,215.26,71.59,0.8368,21176.09
07-06-2026,357.18,19.68,1.331,27361.42
08-06-2026,242.43,39.99,0.9427,45698.8
09-06-2026,373.66,70.8,1.4977,45274.61
10-06-2026,61.32,29.37,1.0247,38159.02
11-06-2026,497.17,53.14,1.1837,24004.91
12-06-2026,337.24,76.49,1.4146,40916.04
13-06-2026,92.96,76.14,0.8293,39441.78
14-06-2026,381.78,68.59,0.8589,39909.27
15-06-2026,323.45,16.02,0.8888,47640.11
16-06-2026,107.42,37.11,0.554,9257.64
17-06-2026,142.51,54.57,1.2596,12328.5
18-06-2026,168.04,19.97,0.6755,10747.72
19-06-2026,428.45,28.32,0.6338,38815.41
20-06-2026,458.13,15.98,0.6015,47689.54
21-06-2026,101.11,77.18,0.9405,39070.22
22-06-2026,367.53,34.4,1.1225,14065.89
23-06-2026,486.81,28.52,0.6831,16461.14
24-06-2026,84.08,34.87,1.3029,6874.98
25-06-2026,277.56,11.17,1.3905,14449.44
26-06-2026,185.12,88.57,1.0103,26695.87
27-06-2026,148.34,17.46,0.587,24733.55
28-06-2026,359.33,81.5,0.9924,35360.7
29-06-2026,420.53,50.07,0.7924,42695.9
30-06-2026,137.58,13.61,0.8602,6087
01-07-2026,339.25,41.36,1.253,49537.54
02-07-2026,120.95,52.72,0.8621,8020.44
03-07-2026,167.48,37.17,0.667,45719.83
04-07-2026,335.02,38.42,0.7819,27730.8
05-07-2026,156.05,76.73,1.1773,11735.16
06-07-2026,117.16,31.18,1.3426,35585.06
07-07-2026,219.77,21.86,1.1723,26663.66
08-07-2026,181.6,80.56,0.714,42790.54
09-07-2026,84.48,33.22,1.0068,10793.16
10-07-2026,213.53,77.24,0.5638,38241.63
11-07-2026,145.27,68.66,1.0604,40915.52
12-07-2026,112.27,28.2,0.5879,25098.59
13-07-2026,211.88,25.84,0.7346,28364.44
14-07-2026,499.26,17.41,1.2166,20955.12
15-07-2026,288.65,85.63,1.4746,28809.16
16-07-2026,52.73,72.03,1.2846,39939.29
17-07-2026,171.67,52.47,1.1641,45657.03
18-07-2026,432.05,22.34,1.2161,40977.84
19-07-2026,280.28,73.5,0.655,40283.56
20-07-2026,208.39,36.38,1.0147,26365.57
21-07-2026,394.1,34.23,1.1574,16475.73
22-07-2026,156.78,11.25,0.6324,42524.05
23-07-2026,240.54,42.28,1.2511,21980.91
24-07-2026,97.21,73.38,0.6348,9473.54
25-07-2026,288.28,34.15,1.2699,3299.99
26-07-2026,65.28,73.33,0.9689,10786.48
27-07-2026,55.51,33.26,1.2493,38936.97
28-07-2026,60.35,23.02,0.518,4572.38
29-07-2026,330.71,34.93,0.7732,10382.71
30-07-2026,114.9,77.32,0.5594,3054.8
31-07-2026,106.69,64.01,1.1225,15033.34
01-08-2026,130.69,37.7,0.6879,19037.71
02-08-2026,352.37,55.36,1.422,18537.12
03-08-2026,488.44,72.97,0.9687,20750.61
04-08-2026,157.13,49.73,1.0497,34518.32
05-08-2026,442.16,17.31,1.1093,37498.76
06-08-2026,353.33,46.18,1.0166,37895.14
07-08-2026,102.24,38.64,0.9739,31509.1
08-08-2026,138.38,84.02,1.0254,21725.71
09-08-2026,91.11,56.72,0.8834,10355.59
10-08-2026,85.64,70.72,1.0424,6228.48
11-08-2026,395.48,42.46,0.61,42883.82
12-08-2026,337.17,34.23,0.6825,3428.02
13-08-2026,455.22,32.46,0.6989,35140.36
14-08-2026,461.49,25.11,1.1304,34531.12
15-08-2026,133.33,63.83,0.5206,38337.46
16-08-2026,193.2,60.72,0.6716,23131.96
17-08-2026,194.27,62.8,0.8832,19388.51
18-08-2026,260.98,54.04,0.5617,13485
19-08-2026,423.65,32.79,0.9039,6319.65
20-08-2026,347.54,55.34,1.4741,5835.46
21-08-2026,78.58,51.53,1.2732,37789.88
22-08-2026,345.92,63.57,1.1059,46917.5
23-08-2026,91.56,46.53,0.7746,6083.36
24-08-2026,349.95,87.5,0.5221,17461.87
25-08-2026,351.01,52.68,1.03,18911.07
26-08-2026,308.52,75.84,0.7152,26371.46
27-08-2026,318.17,80.24,1.0741,12215.05
28-08-2026,365.86,57.02,0.9281,28600.72
29-08-2026,374.09,70.99,1.3035,14717.42
30-08-2026,154.18,83.74,1.2199,12817.95
31-08-2026,461.64,56.02,1.0802,34075.39
01-09-2026,216.18,45.7,1.2369,37643.76
02-09-2026,324.89,16.97,1.1673,6754.98
03-09-2026,271.97,86.26,0.976,44389.6
04-09-2026,373.57,68.7,0.976,24574.77
05-09-2026,408.31,86.3,0.5287,7548.18
06-09-2026,280.52,84.41,1.1085,7617.63
07-09-2026,394.27,26.02,0.9612,36349.29
08-09-2026,212.09,89.47,0.8644,22688.72
09-09-2026,257.29,34.8,0.9596,47467.97
10-09-2026,180.05,65.95,1.0971,12313.37
11-09-2026,315.35,45.04,1.2718,48526.92
12-09-2026,452.07,14.48,0.7239,10997.79
13-09-2026,151.27,62.42,1.0911,35387.34
14-09-2026,492.8,44.33,0.9317,3647.17
15-09-2026,141.98,16.77,0.947,47735.67
16-09-2026,318.42,55.57,0.6967,41784.51
17-09-2026,484.96,88.89,0.5212,24280.4
18-09-2026,191.54,11.15,1.0439,7741.83
19-09-2026,474,16.5,0.5284,23863.05
20-09-2026,300.9,80.28,1.2669,8634.29
21-09-2026,235.83,66.7,1.4673,17412.2
22-09-2026,422.66,13.2,0.8225,27312.93
23-09-2026,160.24,37.47,1.01,29475.3
24-09-2026,302.01,25.5,0.6868,2319.09
25-09-2026,309.08,21.32,1.4154,42384.57
26-09-2026,150.44,10.59,0.5293,6524.54
27-09-2026,409.72,65.49,1.2397,21853.92
28-09-2026,108.29,23.03,0.8083,20164.9
29-09-2026,251.69,29.71,0.9724,20400.75
30-09-2026,421.28,84.1,1.3344,17103.79
01-10-2026,233.75,58.56,1.212,33075.96
02-10-2026,151.7,73.42,0.5928,38634.72
03-10-2026,142.5,33.19,0.868,26681.9
04-10-2026,494.64,48.98,0.6924,5887.23
05-10-2026,416.08,85.1,0.5512,18862.43
06-10-2026,330.79,36.55,0.7655,10871.2
07-10-2026,433.92,26.7,0.9752,14365.49
08-10-2026,140.99,83.3,0.903,42865.41
09-10-2026,403.79,24.17,0.8214,12553.68
10-10-2026,457.59,80.45,1.2448,31277.01
11-10-2026,416.34,50.23,0.9886,26526.27
12-10-2026,233.94,76.51,0.8588,14170.56
13-10-2026,494.37,69.79,1.3496,17453.83
14-10-2026,493.74,57.29,0.7214,2520.25
15-10-2026,218.74,69.59,0.5523,24566.94
16-10-2026,107.84,43.5,0.9628,30101.54
17-10-2026,108.79,68.9,1.3591,46142.55
18-10-2026,190.13,32.76,1.4239,11330.16
19-10-2026,352.89,85.79,1.2904,5511.35
20-10-2026,328.08,35.69,0.8687,44522
21-10-2026,399.4,62.17,1.0735,34391.66
22-10-2026,112.38,54.67,1.2428,48165.97
23-10-2026,317.76,32.09,1.3277,18725.31
24-10-2026,494.01,77.01,1.0768,29763.47
25-10-2026,429.69,22.57,1.299,25515.1
26-10-2026,407.2,36.55,0.9108,28338.01
27-10-2026,484.63,39.22,0.573,38511.96
28-10-2026,348.43,55.82,1.4464,43815.5
29-10-2026,430.21,74.56,0.77,23782.43
30-10-2026,430.13,61.28,1.3728,15185.37
31-10-2026,77.53,32.77,1.3707,11614.71
01-11-2026,459.13,40.58,1.3285,48030.87
02-11-2026,328.8,88.64,0.625,22651.95
03-11-2026,89.82,36.12,1.2939,6973.32
04-11-2026,314.05,81.4,1.1128,47885.72
05-11-2026,400.94,81.16,1.3795,37705.12
06-11-2026,100.19,69.75,1.3718,4162.55
07-11-2026,227.95,51.65,0.935,40820.91
08-11-2026,119.14,30.76,1.2755,41819.63
09-11-2026,275.83,56.84,0.6978,24298
10-11-2026,194.73,68.29,0.5958,17955.85
11-11-2026,412.15,34.04,0.5716,41232.88
12-11-2026,113.48,81.67,1.1296,29306.6
13-11-2026,373.77,27.96,1.001,31883.78
14-11-2026,376.66,29.69,1.2123,9306.49
15-11-2026,142.86,23.98,0.6251,38794.83
16-11-2026,352.33,17.95,1.3903,9251.8
17-11-2026,89.67,12.62,1.1582,12098.22
18-11-2026,370.47,63.72,0.9167,12133.55
19-11-2026,345.27,89.97,1.3654,34512.28
20-11-2026,453.98,22.68,0.7884,43733.46
21-11-2026,226.12,46.95,1.3274,7720.92
22-11-2026,435.16,56.18,0.6278,15909.92
23-11-2026,156.95,19.34,1.3134,43671.16
24-11-2026,66.69,14.07,0.9467,47781.68
25-11-2026,133.42,16.95,0.5147,37284.77
26-11-2026,322.19,67.11,0.9238,34839.89
27-11-2026,397.4,73.04,0.9854,35357.03
28-11-2026,230.99,84.13,0.6465,11496.54
29-11-2026,304.71,67.45,1.0399,11536.21
30-11-2026,184.07,65.16,0.5802,41121.84
01-12-2026,450.17,48.92,0.5617,37531.47
02-12-2026,194.07,24.05,1.0613,17815.59
03-12-2026,211.01,42.66,0.7262,7652.87
04-12-2026,368.34,20.73,1.1486,9783.45
05-12-2026,384.48,16.93,1.3169,46985.39
06-12-2026,63.28,11.82,1.0457,12567.01
07-12-2026,230.79,72.96,1.1711,21318.35
08-12-2026,455.47,24.39,0.8312,30722.64
09-12-2026,173.64,23.27,1.1697,15723.26
10-12-2026,237.21,18.18,0.6978,21513.33
11-12-2026,180.04,66.43,1.0987,5342.99
12-12-2026,363.28,48.44,0.7994,4347.44
13-12-2026,388.5,52.57,1.3006,18558.23
14-12-2026,485.15,39.14,0.6186,32303.12
15-12-2026,189.24,82.35,0.7758,12045.41
16-12-2026,99.71,64.87,0.9057,2008.02
17-12-2026,277.1,37.7,1.176,33275.31
18-12-2026,362.45,71.41,0.8977,29313.71
19-12-2026,247.34,48.32,0.575,31034.36
20-12-2026,208.7,27.4,0.6704,6263.25
21-12-2026,478.46,63.79,1.434,20389.54
22-12-2026,428.61,20.15,0.9541,1955
23-12-2026,310.02,85.99,1.028,35042.33
24-12-2026,262.52,23.25,1.1905,5406.71
25-12-2026,395.44,37.31,1.324,36494.57
26-12-2026,74.43,37.48,1.2961,21055.77
27-12-2026,251.51,36.12,0.6543,41545.12
28-12-2026,276.58,89.27,0.6157,2856.21
29-12-2026,417.14,59.49,1.2746,25003.05
30-12-2026,404.81,83.15,1.3992,2871.35
31-12-2026,260.23,46.85,0.6069,18229.18
01-01-2027,351.95,25.75,1.3191,2470.96
02-01-2027,387.43,30.02,0.7934,4265.6
03-01-2027,481.68,56.44,0.9392,3440.07
04-01-2027,101.61,46.26,1.2869,27655.58
05-01-2027,97.46,56.52,0.9004,46057.29
06-01-2027,154.74,65.58,1.3751,8104.88
07-01-2027,474.8,49.05,0.8753,46914.87
08-01-2027,464.83,26.59,1.0874,4818.1
09-01-2027,203.95,80.74,1.3797,18571.01
10-01-2027,264.03,79.36,1.152,9853.48
11-01-2027,419.67,54.72,0.5802,48400.83
12-01-2027,242.65,67.39,1.0333,44239.27
13-01-2027,192.38,52.72,0.9433,3586.67
14-01-2027,485.22,61.96,0.888,47463.12
15-01-2027,128.43,23.85,1.1138,24081.78
16-01-2027,352.31,81.14,0.7256,40636.14
17-01-2027,461.28,26.54,1.3983,29099.1
18-01-2027,182.78,13.07,0.5994,22489.88
19-01-2027,490.71,14.29,0.6503,24524.46
20-01-2027,394.55,53.62,1.0645,17229.91
21-01-2027,379.98,55.66,1.4351,17179.58
22-01-2027,381.72,38.64,1.3055,22169.05
23-01-2027,476.98,21.49,0.7434,35359.09
24-01-2027,375.16,64.51,1.3395,30338.63
25-01-2027,272.86,33.99,1.0121,7552.51
26-01-2027,186.84,44.06,1.4954,25806.06
27-01-2027,406.63,34.3,0.7989,5056.12
28-01-2027,305.04,83.84,0.9076,21694.32
29-01-2027,190.69,20.3,1.0547,12005.35
30-01-2027,153.43,47.66,0.8458,6678.56
31-01-2027,407.87,87.5,0.8248,49885.44
01-02-2027,265.54,44.5,0.8456,46890.97
02-02-2027,479.19,42.65,0.5745,18067.57
03-02-2027,489.45,22.13,1.2262,15742.94
04-02-2027,312.01,73.47,1.0126,46066.45
05-02-2027,336.45,56.24,1.2286,43591.64
06-02-2027,412.38,43.66,1.3989,31416.69
07-02-2027,384.41,37.87,0.5226,43279.66
08-02-2027,217.14,74.8,1.2682,49932.48
09-02-2027,477.79,80.99,1.3047,23072.58
10-02-2027,228.52,74.16,1.4777,20215.68
11-02-2027,224.19,27.35,0.6994,34198.17
12-02-2027,297.35,80.77,1.1112,41034.25
13-02-2027,105.43,45.09,1.1062,9295.11
14-02-2027,118.18,53.51,0.6987,38141.48
15-02-2027,371.57,54.24,0.5269,14385.9
16-02-2027,236.32,59.95,1.0102,26650.94
17-02-2027,342.38,79.53,1.4078,15554.24
18-02-2027,94.88,37.28,1.4033,27140.05
19-02-2027,458.37,54.31,0.5453,11872.04
20-02-2027,371.65,31.23,1.1799,6905.59
21-02-2027,72.24,25.79,1.0514,31031.84
22-02-2027,489.67,65.56,1.3688,26014.99
23-02-2027,165.43,82.07,0.5413,26274.58
24-02-2027,496.36,66.83,1.0082,44075.9
25-02-2027,324.33,77.92,0.6742,29246.73
26-02-2027,435.27,14.25,1.0311,9080.36
27-02-2027,359.15,52.61,1.4154,9641.99
28-02-2027,236.05,67.36,1.222,18879.53
01-03-2027,251.65,64.13,1.3672,9058.03
02-03-2027,98.51,58.64,1.026,19309.75
03-03-2027,493.67,33.53,0.9712,15948.92
04-03-2027,448.39,79.1,0.8893,46599.74
05-03-2027,91.28,33.66,1.0724,13372.23
06-03-2027,404.01,23.15,1.0752,13293.96
07-03-2027,88.18,65.02,0.6126,30344.13
08-03-2027,409.88,89.84,1.3738,1412.63
09-03-2027,396.55,33.1,1.4696,35564.38
10-03-2027,55.1,48.86,0.8863,26538.46
11-03-2027,347.8,48.35,1.1309,11025.3
12-03-2027,388.28,61.29,1.4061,9419.04
13-03-2027,93.17,30.73,1.4499,33095.44
14-03-2027,433.36,41.98,1.2822,17974.78
15-03-2027,402.42,70.39,0.5654,49824.91
16-03-2027,205.58,28.08,0.9538,36506.89
17-03-2027,441.38,53.11,1.3122,37057.44
18-03-2027,93.01,84.93,0.6919,42124.63
19-03-2027,341.56,49.34,0.6726,19052.15
20-03-2027,59.93,86.22,1.2399,6944.69
21-03-2027,326.2,13.5,1.0375,23763.71
22-03-2027,390.02,40,0.5774,8708.4
23-03-2027,184.45,31.84,1.4069,34763.88
24-03-2027,264.19,22.19,1.2878,8724.11
25-03-2027,476.87,45.66,0.9108,26100.09
26-03-2027,423.33,33.94,1.1271,41186.58
27-03-2027,276.25,60.97,1.0344,22225.24
28-03-2027,185.39,56.86,1.4016,28092.15
29-03-2027,379.64,55.33,1.2469,15090.02
30-03-2027,220.54,73.04,0.7639,20198.28
31-03-2027,377.6,42.88,1.1263,39623.34
01-04-2027,373.73,29.92,1.0527,8013.24
02-04-2027,247.89,78.85,1.4551,20707.18
03-04-2027,495.67,62.55,0.5183,15677.43
04-04-2027,197.18,42.19,0.7461,40115.01
05-04-2027,387.95,24.25,1.4368,7980.83
06-04-2027,112.34,55.61,1.0173,9709.4
07-04-2027,448.6,67.59,1.3063,16122.22
08-04-2027,435.59,40.08,0.9365,40960.94
09-04-2027,352.32,69.95,1.4097,26195.96
10-04-2027,78.76,22.92,0.6358,47278.33
11-04-2027,85.75,47.91,0.6096,5402.32
12-04-2027,168.85,24.12,0.557,45019.32
13-04-2027,201.42,73.38,0.5419,20943.78
14-04-2027,211.91,81.08,1.123,5408.69
15-04-2027,424.99,10.9,0.7807,27651.82
16-04-2027,377.42,24.13,1.351,20379.71
17-04-2027,237.29,14.43,1.0343,8031.51
18-04-2027,339.44,89.69,1.4284,32329.99
19-04-2027,77.65,73.7,0.5115,9176.36
20-04-2027,122.8,34.54,1.4704,39974.98
21-04-2027,407.15,56.36,0.8315,19243.37
22-04-2027,382.74,73.73,1.2674,29028.96
23-04-2027,78.32,23.51,0.5262,26902.15
24-04-2027,464.82,53,1.1667,24444.71
25-04-2027,173.17,18.71,1.0611,33809.82
26-04-2027,336.55,25.51,0.5149,17993.69
27-04-2027,399.21,48.28,0.5769,17143.82
28-04-2027,75.38,17.59,1.2806,23194.79
29-04-2027,458.06,59.77,0.904,44364.18
30-04-2027,449.31,19.17,0.953,22990.59
01-05-2027,252.98,32.32,0.9596,12387.47
02-05-2027,434.17,35.62,0.7023,22699.88
03-05-2027,181.81,54.78,0.5335,35674.86
04-05-2027,64.36,39.93,1.0784,26847.6
05-05-2027,140.86,44.03,0.5931,17312.62
06-05-2027,218.79,76.73,1.1461,4620.64
07-05-2027,309.92,72.34,0.6828,7703.22
08-05-2027,205.16,65.23,0.754,20933.38
09-05-2027,433.58,83.71,0.6709,31712.51
10-05-2027,459.13,69.92,0.9507,20467.61
11-05-2027,216.8,37.86,0.8198,33328.99
12-05-2027,260.62,46.63,0.9404,17382.66
13-05-2027,272.89,69.02,1.348,10743.04
14-05-2027,331.47,37.14,1.1349,11462.97
15-05-2027,472.19,46.97,1.2966,12064.32
16-05-2027,69.12,87,0.923,26968.94
17-05-2027,292.31,72.83,1.1354,7579.99
18-05-2027,428.44,18.73,1.3085,4445.08
19-05-2027,429.94,12.8,1.4422,16943.81
20-05-2027,491.63,84.41,1.2173,19605.89
21-05-2027,194.07,22.67,1.3646,4740.23
22-05-2027,459.32,49.11,1.0196,24329.12
23-05-2027,356.06,31.98,0.6368,25283.17
24-05-2027,63.14,75.15,1.0855,20757.37
25-05-2027,125.64,85.96,0.7791,29933.28
26-05-2027,178.76,74.02,1.3766,29872.19
27-05-2027,459.63,81.99,1.2571,12252.18
28-05-2027,220.58,54.16,1.1642,10301.47
29-05-2027,496.85,36.55,0.898,47495.33
30-05-2027,197.67,38.63,0.9626,2423.23
31-05-2027,415.12,83,1.426,6479.26
01-06-2027,406.14,22.55,0.969,21311.48
02-06-2027,79.98,38.49,1.4209,47633.57
03-06-2027,91.05,45.26,1.2412,8030.03
04-06-2027,53.25,49.18,1.2969,10732.13
05-06-2027,128.1,28.07,1.2675,30844.1
06-06-2027,238.68,24.54,0.8536,39561.76
07-06-2027,111.98,72.17,0.9976,39622.4
08-06-2027,52.4,34.47,0.6396,23691.31
09-06-2027,107,69.83,0.5144,33260.18
10-06-2027,248.4,75.41,1.1125,35481.81
11-06-2027,116.92,63.59,0.9183,44453.33
12-06-2027,359.91,27.96,0.5256,45940.15
13-06-2027,358.29,35.49,0.9027,29330.25
14-06-2027,101.82,83.54,0.7291,39611.07
15-06-2027,80.77,12.2,1.1705,27072.44
16-06-2027,456.33,65.91,0.5394,45027.54
17-06-2027,409.73,76.89,1.0186,22060.08
18-06-2027,494.58,89.97,0.9185,45303.27
19-06-2027,390.63,62.76,0.9043,46053.35
20-06-2027,289.06,33.48,0.6524,40184.36
21-06-2027,65.3,43.78,0.8767,21937.67
22-06-2027,111.18,79.86,0.9237,15495.65
23-06-2027,392,28.33,1.4618,36640.5
24-06-2027,360.45,54.45,1.1209,17365.21
25-06-2027,485.28,20.66,1.1649,26268.2
26-06-2027,468.07,68.16,0.6805,29140.02
27-06-2027,320.8,44.86,0.7202,9352.37
28-06-2027,305.28,39.34,1.0531,20318.27
29-06-2027,240.8,32.49,1.1355,37770.35
30-06-2027,229.96,49.58,0.5616,23329.32
01-07-2027,296.06,59.96,0.7432,3326.38
02-07-2027,497.35,62.64,1.1709,4983.25
03-07-2027,390.12,39.24,1.1517,3227.95
04-07-2027,331.44,52.49,0.9275,33789.77
05-07-2027,438.83,51.82,0.5898,46570.25
06-07-2027,86.97,86.79,1.2553,30459.72
07-07-2027,350.24,87.75,0.6928,33602.36
08-07-2027,495.89,22.42,0.6767,47057.97
09-07-2027,230.28,19.44,0.9243,40048.89
10-07-2027,84.34,73.54,1.2879,6243.28
11-07-2027,161.78,14.57,0.5435,15036.37
12-07-2027,202.89,55.42,0.8294,38174.69
13-07-2027,494.23,27.33,0.5216,47436.73
14-07-2027,186.08,18.83,1.2089,8940.2
15-07-2027,106.53,67.9,1.1671,23519.44
16-07-2027,411.63,61.74,0.699,4321.1
17-07-2027,400.73,44.19,1.3618,11510.94
18-07-2027,322.2,11.63,0.5263,49529.9
19-07-2027,275.83,22.24,0.8673,45243.12
20-07-2027,286.99,47.89,0.5591,48729.43
21-07-2027,369.34,80.33,0.7656,11050.46
22-07-2027,479.49,38.17,0.9209,5526.85
23-07-2027,155.48,84.07,1.2867,28619.71
24-07-2027,371.26,67.61,0.8165,8010.7
25-07-2027,236.53,88.66,0.7557,24933.22
26-07-2027,351.14,66.32,0.9967,19481.28
27-07-2027,244.68,43.71,0.7428,8779.87
28-07-2027,264.19,38.91,1.0232,2535.22
29-07-2027,259.08,38.21,1.4086,13788.37
30-07-2027,287.76,38.81,1.2228,11154.67
31-07-2027,190.15,53.26,0.7067,49312.76
01-08-2027,181.37,35.06,0.8407,2914.29
02-08-2027,485.29,30.82,0.5073,2953.39
03-08-2027,214.37,89.01,0.9792,6196.18
04-08-2027,291.27,86.68,0.9863,29005.39
05-08-2027,188.69,25.77,0.782,8612.52
06-08-2027,55.84,82.87,0.7918,45300.78
07-08-2027,168.25,39.07,0.614,19509.25
08-08-2027,259.32,50.33,1.1223,32466.73
09-08-2027,415.86,50.39,0.9223,48375.61
10-08-2027,128.31,70.5,1.4477,18177.07
11-08-2027,338.96,43.36,0.6389,26831.28
12-08-2027,289.96,34.26,1.1259,3257.44
13-08-2027,250.32,39.86,0.5803,35681.44
14-08-2027,259.65,62.13,0.7638,42557.95
15-08-2027,340.69,60.85,1.213,38224.48
16-08-2027,335.33,81.41,1.2828,35581.72
17-08-2027,117.1,11.93,1.0632,4624.5
18-08-2027,50.06,14.72,1.1532,29875.01
19-08-2027,349.09,39.5,0.5903,21914.21
20-08-2027,438.33,88.7,0.9062,14807.2
21-08-2027,225.32,52.82,0.507,8115.13
22-08-2027,127.82,26.04,1.2836,6551.17
23-08-2027,401.57,81.42,1.2022,6921.16
24-08-2027,113.69,22.05,0.7687,41494.64
25-08-2027,287.12,36.93,1.3142,11120.89
26-08-2027,64.43,60.99,1.0057,32724.88
27-08-2027,178.98,57.09,1.1372,22258.83
28-08-2027,293.1,51.93,1.3815,12246.02
29-08-2027,459.93,80.86,1.0367,32121.29
30-08-2027,400.3,49.05,1.2265,9288.4
31-08-2027,58.48,54.34,0.5216,13366.23
01-09-2027,406.58,73.82,1.0375,44818.16
02-09-2027,372.12,84.98,0.6828,48187.6
03-09-2027,111.3,53.48,0.534,36758.5
04-09-2027,129.98,83.79,0.6553,4574.32
05-09-2027,500,57.94,0.9276,4033.28
06-09-2027,462.81,26.3,0.8078,42024.86
07-09-2027,216.04,27.02,1.3188,12509.82
08-09-2027,165.16,48.11,0.8239,8194.79
09-09-2027,239.29,27.4,1.1879,13431.56
10-09-2027,365.76,13.64,1.4639,27790.81
11-09-2027,382.22,32.7,0.5099,29972.27
12-09-2027,298.02,74.84,0.5649,32811.06
13-09-2027,224.81,37.6,0.5408,7793.93
14-09-2027,105.88,36.85,1.0344,9332.27
15-09-2027,50.31,10.74,0.5429,33586
16-09-2027,179.07,24.8,0.7671,11679.1
17-09-2027,434.59,19.72,1.0167,34697.64
18-09-2027,91.12,46.81,0.6377,9358.71
19-09-2027,400.52,45.53,0.6159,22955.61
20-09-2027,146.16,76.31,0.9397,4941.56
21-09-2027,246.45,14.75,0.8088,34192.39
22-09-2027,285.04,73.5,1.3582,11252.02
23-09-2027,246.91,19.45,1.434,4730.15
24-09-2027,198.68,51.11,1.3998,6901.65
25-09-2027,124.71,44.74,0.6513,37212.4
26-09-2027,441.21,25.69,1.4886,21712.56
27-09-2027,344.46,37.33,0.7191,35061.59
28-09-2027,155.73,57.45,0.822,26256.55
29-09-2027,345.02,77.76,0.5309,31630.58
30-09-2027,197.04,89.25,0.8664,26420.74
01-10-2027,83.48,25.98,0.6337,49536.64
02-10-2027,432.92,38.13,1.0099,42604.96
03-10-2027,357.13,34.76,0.569,21048.54
04-10-2027,191.77,66.55,1.424,47001.74
05-10-2027,198.94,12.73,0.8409,34668.44
06-10-2027,144.91,55.48,1.2108,41199.28
07-10-2027,181.64,68.17,1.0515,13808.75
08-10-2027,231.63,39.29,0.5248,17897.97
09-10-2027,257.09,82.59,1.4679,43032.89
10-10-2027,120.92,66.66,0.5595,45789.83
11-10-2027,333.08,53.18,1.4833,37097.34
12-10-2027,396.44,24.48,1.4515,10155.83
13-10-2027,151.71,45.66,0.6279,40373.09
14-10-2027,55.01,14.02,1.239,32738.81
15-10-2027,163.97,85.11,0.8819,46366.55
16-10-2027,332.3,14.57,0.9322,3326.31
17-10-2027,349.02,16.24,1.3546,49264.19
18-10-2027,134.46,50.31,0.8305,40557.6
19-10-2027,62.46,50.63,0.6719,29534.98
20-10-2027,366.59,71.58,0.5267,49393.75
21-10-2027,189.07,87.95,0.785,27174.23
22-10-2027,467.45,59.83,1.3925,9647.72
23-10-2027,338.93,59.13,0.5765,37782.97
24-10-2027,404.62,83.65,0.5932,23481.09
25-10-2027,474.97,29.33,1.114,18814.51
26-10-2027,456.67,18.46,0.5399,7459.46
27-10-2027,178.76,83.49,1.4493,43993.91
28-10-2027,113.93,83.61,1.4252,33988.37
29-10-2027,278.01,72.87,1.1542,27894.94
30-10-2027,462.54,43.39,1.2944,45635.02
31-10-2027,346.76,10.47,1.2569,4307.36
01-11-2027,150.11,38,1.46,10391.41
02-11-2027,452.53,73.84,0.7399,36729.64
03-11-2027,381.36,43.07,1.351,3312.34
04-11-2027,146.94,56.56,0.9491,38053.29
05-11-2027,67.64,36.58,1.3823,6547.14
06-11-2027,321.95,36.44,0.6262,7770.09
07-11-2027,301.74,73.57,0.6962,27885.82
08-11-2027,314.04,27.75,0.5508,5688.42
09-11-2027,57.08,11.16,1.1901,26514.98
10-11-2027,73.44,80.71,1.2962,17133.71
11-11-2027,172.46,26.76,1.0085,33930.08
12-11-2027,360.13,61.53,1.2034,28566.74
13-11-2027,130.42,63.78,0.6985,22586.92
14-11-2027,255.77,12.98,1.1471,25492.22
15-11-2027,351.69,70.92,0.6701,9675.27
16-11-2027,55.76,56.76,1.1826,3256.46
17-11-2027,122.67,56.06,0.9587,24719.36
18-11-2027,171.06,25.17,0.6827,20030.27
19-11-2027,438.15,66.8,0.8707,26341.05
20-11-2027,321.65,20.85,1.2956,4817.17
21-11-2027,389.09,64.6,0.9617,17947.57
22-11-2027,324.01,24.89,1.3869,14865.36
23-11-2027,220.8,15.07,0.8411,23683.99
24-11-2027,418.33,89.93,0.9168,26801.58
25-11-2027,180.37,40.22,0.8377,39083.69
26-11-2027,70.91,37.44,1.3177,43166.78
27-11-2027,390.16,13.87,1.1819,9196.93
28-11-2027,210.27,67.77,0.6638,18454.19
29-11-2027,308.54,28.57,0.9374,44289.57
30-11-2027,167.84,25,1.1675,42107.19
01-12-2027,467.85,75.56,1.2061,31132.74
02-12-2027,179.62,16.89,0.5348,28460.38
03-12-2027,402.56,16.3,1.1193,41991.98
04-12-2027,373.63,76.23,0.7536,1068.15
05-12-2027,255.53,37.32,1.368,35185.73
06-12-2027,121.04,62.26,0.5824,12122.41
07-12-2027,353.19,32.18,1.4762,31447.16
08-12-2027,409.93,18.13,1.4962,19974.72
09-12-2027,91.04,78.65,1.4562,10548.13
10-12-2027,305.18,43.11,0.6852,42951.52
11-12-2027,307.36,61.31,0.6186,41105.42
12-12-2027,178.85,51.07,0.5296,38550.59
13-12-2027,340.99,20.6,0.9221,12351.08
14-12-2027,180.34,15.26,0.9706,9795.07
15-12-2027,431.53,46.75,1.318,28486.56
16-12-2027,307.02,85.51,0.7235,30737.45
17-12-2027,205.95,32.44,1.0767,14845.63
18-12-2027,492.55,71.53,1.4594,1936.42
19-12-2027,450.34,79.12,0.843,26240.02
20-12-2027,408.55,88.45,1.0841,35728.71
21-12-2027,185.14,31.96,1.0178,18797.82
22-12-2027,251.17,70.75,0.6597,15450.97
23-12-2027,249.22,78.25,1.0412,17477.22
24-12-2027,217.17,62.81,0.6989,28041.48
25-12-2027,390.34,42.21,1.226,25654.15
26-12-2027,326.65,87.32,0.5476,32871.63
27-12-2027,299.23,83.27,1.2667,24135.26
28-12-2027,380.96,64.79,1.4184,36670.53
29-12-2027,435.49,16.38,0.6472,31656.09
30-12-2027,87.95,29.26,1.0701,45196.43
31-12-2027,241.93,73.79,1.2693,13839.51
01-01-2028,324.09,22.51,0.9386,42259.97
02-01-2028,57.51,68.44,0.5021,3270.09
03-01-2028,344.37,11.1,0.616,12664.95
04-01-2028,186.74,84.66,0.8452,24764.48
05-01-2028,482.4,50.37,1.2907,48068.67
06-01-2028,288.22,28.45,1.3143,38279.97
07-01-2028,481.23,70.57,0.6693,26790.21
08-01-2028,368.99,64.68,1.3731,24181.81
09-01-2028,63.62,31.81,0.9212,40825.75
10-01-2028,87.86,75.17,0.7392,30246.9
11-01-2028,254.81,14.18,0.7969,25729.13
12-01-2028,359.95,48.85,0.6109,44419.52
13-01-2028,184.09,60.15,1.0125,6234.32
14-01-2028,244.25,66.41,1.1805,29321.8
15-01-2028,260.72,51.85,1.3931,49928.95
16-01-2028,252.02,44.19,1.4537,6852.37
17-01-2028,161.73,58.76,1.0528,28954.69
18-01-2028,364.59,64.45,1.1531,11546.99
19-01-2028,94.87,49.45,0.6047,46466.49
20-01-2028,190,40.82,0.7595,35414.06
21-01-2028,303.04,19.08,1.4825,30092.24
22-01-2028,102.87,10.19,0.515,15264.64
23-01-2028,437.24,66.86,1.0186,38520.27
24-01-2028,179.64,78.76,0.9968,10984.43
25-01-2028,239.63,77.3,1.4841,24686.67
26-01-2028,186.05,38.66,1.173,40054.78
27-01-2028,252.77,62.29,1.371,16407.75
28-01-2028,403,46.51,1.0056,6788.27
29-01-2028,81.18,41,1.1245,39345.06
30-01-2028,460.39,19.92,1.3481,29439.17
31-01-2028,235.83,43.17,0.5001,3231.83
01-02-2028,239.79,57.97,0.5097,26003.01
02-02-2028,234.27,89.21,1.3335,41454.98
03-02-2028,490.32,68.43,0.6034,22427.04
04-02-2028,168.7,27.09,1.1991,16395.24
05-02-2028,463.35,60.07,1.3054,9291.97
06-02-2028,125.59,15.54,1.0251,30005.93
07-02-2028,277.6,72.01,0.7304,26103.51
08-02-2028,116.59,36.88,0.6117,23243.02
09-02-2028,475.27,87.99,1.3645,10849.85
10-02-2028,119.78,27.85,1.3763,42120.97
11-02-2028,107.88,14.26,0.8769,19961.62
12-02-2028,378.9,83.41,1.0374,2334.01
13-02-2028,421.96,41.26,1.4801,45022.89
14-02-2028,496.82,21.81,1.404,31907.26
15-02-2028,75.46,50.78,0.7853,31780.89
16-02-2028,218.92,78.6,1.4716,18202.24
17-02-2028,114.29,46.61,0.6241,11668.71
18-02-2028,299.3,28.64,1.1352,47450.53
19-02-2028,457.59,84.66,1.4541,16075.24
20-02-2028,63.04,74.62,0.5574,43971.85
21-02-2028,164.22,69.49,1.0727,7938.74
22-02-2028,408.69,26.25,0.5058,47112.37
23-02-2028,161.38,38.7,0.5967,7567.38
24-02-2028,323.25,57.67,1.2116,45758.48
25-02-2028,216.59,66.16,0.5407,11134.51
26-02-2028,62.51,76.78,0.6145,28223.43
27-02-2028,362.12,48.19,1.4346,3507.85
28-02-2028,157.42,37.8,1.4514,29620.86
29-02-2028,475.34,87.37,1.2652,21916.24
01-03-2028,248.85,63.69,1.2807,8424.51
02-03-2028,185.83,29.57,0.6421,9381.08
03-03-2028,322.13,83.6,1.2184,36030.72
04-03-2028,311.63,54.69,0.9315,15654.42
05-03-2028,160.63,27.33,1.2596,19907.72
06-03-2028,481.58,62.58,0.8682,29407.07
07-03-2028,404.95,78.61,1.0606,14427.76
08-03-2028,396.33,69.76,1.0582,47649.57
09-03-2028,241.74,45.07,1.2268,7021.37
10-03-2028,76.1,41.07,0.8133,32555.43
11-03-2028,272.59,45.27,0.9417,14259.46
12-03-2028,380.43,53.28,0.857,36839.62
13-03-2028,189.88,53.71,0.7276,45104.96
14-03-2028,389.63,13.33,0.5747,27782.25
15-03-2028,151.37,26.2,0.6789,39729.99
16-03-2028,256.07,11.77,0.5409,41694.78
17-03-2028,64.99,29.88,0.6276,16093.59
18-03-2028,259.7,69.6,1.0554,20519.35
19-03-2028,78.12,54.18,1.4007,7649.42
20-03-2028,345.09,88.56,1.2741,2551.71
21-03-2028,176.65,44.25,0.7313,41910.41
22-03-2028,297.47,42.37,1.0619,9338.74
23-03-2028,308.63,77.12,1.2114,38825.32
24-03-2028,379.83,46.21,1.2419,21808.99
25-03-2028,164.91,38.03,1.4208,38825.11
26-03-2028,94.96,31.84,0.7389,9197.58
27-03-2028,345.83,34.53,0.5753,24689.09
28-03-2028,126.95,55.81,0.8884,1474.48
29-03-2028,273.73,69.49,1.0977,38482.31
30-03-2028,156.15,43.54,0.8747,21114.18
31-03-2028,464.97,47.32,0.8643,16226.07
01-04-2028,279.86,49.58,1.4799,3251.09
02-04-2028,75.09,74.5,1.3966,35255.2
03-04-2028,109.44,79.2,1.0233,15459.41
04-04-2028,133.09,25.31,0.5174,2936.77
05-04-2028,115.76,20.46,1.3226,17994.09
06-04-2028,155.68,32.32,0.6209,8495.02
07-04-2028,490.13,19.9,0.999,40489.57
08-04-2028,339.65,19.2,1.0812,43363.42
09-04-2028,293.84,86.15,0.899,49064.68
10-04-2028,74.93,23.2,0.9341,19953.48
11-04-2028,339.09,53.64,1.3253,28275.95
12-04-2028,345.2,37.38,0.6343,44769.12
13-04-2028,268.63,41.73,1.1526,5587.2
14-04-2028,184.85,11.52,1.1728,1761.69
15-04-2028,237.88,68.19,0.6125,45297.46
16-04-2028,423.8,14.91,1.253,37335.95
17-04-2028,471.64,89.23,0.5637,11396.63
18-04-2028,62.83,74.91,0.6291,6679.85
19-04-2028,497.29,13.01,0.695,9098.39
20-04-2028,219.14,39.31,0.574,7457.99
21-04-2028,410.7,13.09,0.8277,44303.83
22-04-2028,496.78,68.01,1.0335,23021.16
23-04-2028,307.52,15.06,1.3748,11152.86
24-04-2028,441.67,78.91,1.2469,43707.4
25-04-2028,409.66,19.56,0.9523,24591.38
26-04-2028,341.33,82.17,1.0775,19632.93
27-04-2028,225.18,40.59,0.807,9086.56
28-04-2028,207.3,75.26,1.2622,41967.96
29-04-2028,333.15,83.82,1.3376,40108.18
30-04-2028,364.35,49.97,1.1765,13022.15
01-05-2028,58.09,58.13,1.1051,24118.07
02-05-2028,61.55,49.95,0.7805,5227.23
03-05-2028,487.64,40.66,0.5022,44727.28
04-05-2028,356.21,33.49,1.3316,10448.05
05-05-2028,206.99,30.01,1.0263,47079.25
06-05-2028,198.61,65.64,0.6831,42420.33
07-05-2028,79.49,74.65,1.2038,39130.01
08-05-2028,294.3,20.65,0.7748,46856.69
09-05-2028,156.03,75.03,0.895,39682.44
10-05-2028,307.67,19.22,1.0097,2689.58
11-05-2028,249.79,71.26,0.9232,46788.83
12-05-2028,99.39,36.4,0.5076,25943.46
13-05-2028,497.13,64.87,0.8242,15756.88
14-05-2028,357.71,13.06,1.1276,9425.12
15-05-2028,53.73,46.78,1.031,8805.89
16-05-2028,360.95,31.81,1.3338,27137.71
17-05-2028,297.99,11.18,1.2476,38835.99
18-05-2028,376.33,41.18,0.658,29812.77
19-05-2028,82.83,19,0.7709,21543.09
20-05-2028,445.47,85.14,1.1912,26999.99
21-05-2028,64.77,43.97,0.6847,4150.91
22-05-2028,444.38,40.22,1.0545,29862.53
23-05-2028,374.09,13.54,1.0881,49077.33
24-05-2028,350.02,49.05,1.2631,49281.94
25-05-2028,128.41,68.43,0.8563,29012.31
26-05-2028,109.89,87.41,1.0343,6723.35
27-05-2028,188.51,37.54,0.7605,3466.13
28-05-2028,324.38,75.73,0.5346,17325.05
29-05-2028,240.86,57.62,1.0322,29921.36
30-05-2028,289.4,21.24,0.962,38261.86
31-05-2028,292.28,13.34,0.5783,22477.77
01-06-2028,387.72,76.45,0.7224,22091.52
02-06-2028,352.42,28.15,0.8197,19983.01
03-06-2028,102,18.51,0.9068,17900.71
04-06-2028,80.39,51.89,0.6555,45837.48
05-06-2028,436.29,60.27,1.226,45416.73
06-06-2028,298.35,47.2,0.627,36625.08
07-06-2028,201.17,30.92,1.3759,18065.18
08-06-2028,475.03,48.29,1.116,36504.15
09-06-2028,421.77,20.84,0.731,41549.01
10-06-2028,320.82,66.39,1.125,6967.88
11-06-2028,128.96,64.16,1.3762,44923.8
12-06-2028,467.91,17.31,1.3658,43929.35
13-06-2028,362.15,29.59,1.1314,21824.71
14-06-2028,206.88,40.4,1.4964,34717.05
15-06-2028,283.95,43.55,0.6174,34977.33
16-06-2028,432.52,30.38,1.4708,4149.78
17-06-2028,376.85,22.79,0.7785,1672.36
18-06-2028,195.87,72.35,0.7439,14748.16
19-06-2028,197.85,87.54,1.2247,27507.02
20-06-2028,126.8,69.65,0.8882,47088.71
21-06-2028,480.71,20.55,0.8529,14849.83
22-06-2028,337.73,34.45,1.3867,2931.76
